lat,lon,neg_category,seed_density_type,search_dist_used,exclusion_buffer_used,base_category,strategy_name,sample_id,image_name
42.4975697,-92.3450258,fuel,isolated,2500,1000,fuel,baseline_global,0000000,neg_0000000.png
52.51661255,-0.2705675879539109,fuel,isolated,2500,1000,fuel,baseline_global,0000001,neg_0000001.png
52.5311277,-0.3226448430671421,fuel,isolated,2500,1000,fuel,baseline_global,0000002,neg_0000002.png
42.4763627,-92.3232235,fuel,isolated,2500,1000,fuel,baseline_global,0000003,neg_0000003.png
42.4981601,-92.2933799,fuel,isolated,2500,1000,fuel,baseline_global,0000004,neg_0000004.png
42.501376050000005,-92.33466520569212,fuel,isolated,2500,1000,fuel,baseline_global,0000005,neg_0000005.png
40.5056176,-74.85170085,fuel,isolated,2500,1000,fuel,baseline_global,0000006,neg_0000006.png
29.4194522,-98.58885408826859,fuel,isolated,2500,1000,fuel,baseline_global,0000007,neg_0000007.png
40.4997205,-74.85499465179878,fuel,isolated,2500,1000,fuel,baseline_global,0000008,neg_0000008.png
40.50870365,-74.85144583507605,fuel,isolated,2500,1000,fuel,baseline_global,0000009,neg_0000009.png
40.50205655,-74.85678885,fuel,isolated,2500,1000,fuel,baseline_global,0000010,neg_0000010.png
35.9514634,-84.1549395,fuel,isolated,2500,1000,fuel,baseline_global,0000011,neg_0000011.png
42.4781476,-92.2920737,fuel,isolated,2500,1000,fuel,baseline_global,0000012,neg_0000012.png
32.456806,-93.779703,fuel,isolated,2500,1000,fuel,baseline_global,0000013,neg_0000013.png
47.666562,-122.164488,fuel,isolated,2500,1000,fuel,baseline_global,0000014,neg_0000014.png
29.4201378,-98.58714420704874,fuel,isolated,2500,1000,fuel,baseline_global,0000015,neg_0000015.png
28.7236486,-81.5972642,fuel,isolated,2500,1000,fuel,baseline_global,0000016,neg_0000016.png
40.9295549,-73.99591141816126,fuel,isolated,2500,1000,fuel,baseline_global,0000017,neg_0000017.png
40.51193835,-74.85150367349462,fuel,isolated,2500,1000,fuel,baseline_global,0000018,neg_0000018.png
47.6716835,-122.1148925,fuel,isolated,2500,1000,fuel,baseline_global,0000019,neg_0000019.png
35.9502815,-84.15525155,fuel,isolated,2500,1000,fuel,baseline_global,0000020,neg_0000020.png
35.9527344,-84.1211028,fuel,isolated,2500,1000,fuel,baseline_global,0000021,neg_0000021.png
40.5370426,-74.8572795,fuel,isolated,2500,1000,fuel,baseline_global,0000022,neg_0000022.png
35.94786315,-84.15903487027491,fuel,isolated,2500,1000,fuel,baseline_global,0000023,neg_0000023.png
28.7226951,-81.5960383,fuel,isolated,2500,1000,fuel,baseline_global,0000024,neg_0000024.png
40.5056374,-74.85170025299286,fuel,isolated,2500,1000,fuel,baseline_global,0000025,neg_0000025.png
40.501506449999994,-74.85716435,fuel,isolated,2500,1000,fuel,baseline_global,0000026,neg_0000026.png
42.5123892,-92.3454952,fuel,isolated,2500,1000,fuel,baseline_global,0000027,neg_0000027.png
40.5044148,-74.8525288,fuel,isolated,2500,1000,fuel,baseline_global,0000028,neg_0000028.png
28.7226657,-81.5957165,fuel,isolated,2500,1000,fuel,baseline_global,0000029,neg_0000029.png
52.5440495,-0.3313588,fuel,isolated,2500,1000,fuel,baseline_global,0000030,neg_0000030.png
40.52292045,-74.85272300254503,fuel,isolated,2500,1000,fuel,baseline_global,0000031,neg_0000031.png
42.5107857,-92.3453893,fuel,isolated,2500,1000,fuel,baseline_global,0000032,neg_0000032.png
52.54493,-0.3055139,fuel,isolated,2500,1000,fuel,baseline_global,0000033,neg_0000033.png
42.4709148,-92.3229861,fuel,isolated,2500,1000,fuel,baseline_global,0000034,neg_0000034.png
40.522850000000005,-74.85286262136873,fuel,isolated,2500,1000,fuel,baseline_global,0000035,neg_0000035.png
52.5157259,-0.2685573,fuel,isolated,2500,1000,fuel,baseline_global,0000036,neg_0000036.png
47.67520025,-122.12691639873037,fuel,isolated,2500,1000,fuel,baseline_global,0000037,neg_0000037.png
32.4560865,-93.79704100000001,fuel,isolated,2500,1000,fuel,baseline_global,0000038,neg_0000038.png
40.50222395,-74.85655331070393,fuel,isolated,2500,1000,fuel,baseline_global,0000039,neg_0000039.png
37.9786311,-122.3320017,fuel,small_cluster,2500,1000,fuel,baseline_global,0000040,neg_0000040.png
40.0448969,-76.36378949688935,fuel,small_cluster,2500,1000,fuel,baseline_global,0000041,neg_0000041.png
41.3062436,-75.76380554965223,fuel,small_cluster,2500,1000,fuel,baseline_global,0000042,neg_0000042.png
35.48630115,-97.60138635,fuel,small_cluster,2500,1000,fuel,baseline_global,0000043,neg_0000043.png
47.2035171,-122.2503327,fuel,small_cluster,2500,1000,fuel,baseline_global,0000044,neg_0000044.png
47.2214382,-122.23965379956732,fuel,small_cluster,2500,1000,fuel,baseline_global,0000045,neg_0000045.png
37.9905745,-122.3356486,fuel,small_cluster,2500,1000,fuel,baseline_global,0000046,neg_0000046.png
29.6987894,-95.0714055,fuel,small_cluster,2500,1000,fuel,baseline_global,0000047,neg_0000047.png
40.064122,-76.4119479,fuel,small_cluster,2500,1000,fuel,baseline_global,0000048,neg_0000048.png
35.4212518,-80.67666006120419,fuel,small_cluster,2500,1000,fuel,baseline_global,0000049,neg_0000049.png
35.40934335,-80.66346691559204,fuel,small_cluster,2500,1000,fuel,baseline_global,0000050,neg_0000050.png
35.4648798,-97.6370859,fuel,small_cluster,2500,1000,fuel,baseline_global,0000051,neg_0000051.png
35.41108215,-80.66817993593911,fuel,small_cluster,2500,1000,fuel,baseline_global,0000052,neg_0000052.png
40.0414923,-76.39089083897196,fuel,small_cluster,2500,1000,fuel,baseline_global,0000053,neg_0000053.png
47.191447049999994,-122.2738665,fuel,small_cluster,2500,1000,fuel,baseline_global,0000054,neg_0000054.png
35.46383825,-97.60211892025535,fuel,small_cluster,2500,1000,fuel,baseline_global,0000055,neg_0000055.png
35.41484495,-80.66810735962798,fuel,small_cluster,2500,1000,fuel,baseline_global,0000056,neg_0000056.png
35.435047,-80.653401,fuel,small_cluster,2500,1000,fuel,baseline_global,0000057,neg_0000057.png
29.69875665,-95.0719203930009,fuel,small_cluster,2500,1000,fuel,baseline_global,0000058,neg_0000058.png
35.41066325,-80.66441072890002,fuel,small_cluster,2500,1000,fuel,baseline_global,0000059,neg_0000059.png
35.4585925,-97.61385150000001,fuel,small_cluster,2500,1000,fuel,baseline_global,0000060,neg_0000060.png
37.9884083,-122.311592,fuel,small_cluster,2500,1000,fuel,baseline_global,0000061,neg_0000061.png
35.45916005,-97.60064627507711,fuel,small_cluster,2500,1000,fuel,baseline_global,0000062,neg_0000062.png
35.46384845,-97.6006055109595,fuel,small_cluster,2500,1000,fuel,baseline_global,0000063,neg_0000063.png
37.9993421,-122.322651,fuel,small_cluster,2500,1000,fuel,baseline_global,0000064,neg_0000064.png
35.493663,-97.63711689996371,fuel,small_cluster,2500,1000,fuel,baseline_global,0000065,neg_0000065.png
39.9903244,-76.74135237160795,fuel,small_cluster,2500,1000,fuel,baseline_global,0000066,neg_0000066.png
47.2034351,-122.22901404999999,fuel,small_cluster,2500,1000,fuel,baseline_global,0000067,neg_0000067.png
40.0399389,-76.36368458349898,fuel,small_cluster,2500,1000,fuel,baseline_global,0000068,neg_0000068.png
37.9866117,-122.317717,fuel,small_cluster,2500,1000,fuel,baseline_global,0000069,neg_0000069.png
39.7606872,-105.025531,fuel,dense_cluster,2500,1000,fuel,baseline_global,0000070,neg_0000070.png
32.9097917,-96.81807172540545,fuel,dense_cluster,2500,1000,fuel,baseline_global,0000071,neg_0000071.png
32.90986815,-96.81816307537454,fuel,dense_cluster,2500,1000,fuel,baseline_global,0000072,neg_0000072.png
39.7241045,-105.0184804,fuel,dense_cluster,2500,1000,fuel,baseline_global,0000073,neg_0000073.png
39.765905,-104.9943553,fuel,dense_cluster,2500,1000,fuel,baseline_global,0000074,neg_0000074.png
39.7338991,-104.9988268,fuel,dense_cluster,2500,1000,fuel,baseline_global,0000075,neg_0000075.png
43.8081072,-79.5475746,fuel,dense_cluster,2500,1000,fuel,baseline_global,0000076,neg_0000076.png
35.05056945,-89.9022656632703,fuel,dense_cluster,2500,1000,fuel,baseline_global,0000077,neg_0000077.png
32.8054761,-96.9940838,fuel,dense_cluster,2500,1000,fuel,baseline_global,0000078,neg_0000078.png
43.8085038,-79.5512533,fuel,dense_cluster,2500,1000,fuel,baseline_global,0000079,neg_0000079.png
43.795781,-79.5159711,fuel,dense_cluster,2500,1000,fuel,baseline_global,0000080,neg_0000080.png
32.93979285,-96.85537955,fuel,dense_cluster,2500,1000,fuel,baseline_global,0000081,neg_0000081.png
39.7566167,-105.0161829,fuel,dense_cluster,2500,1000,fuel,baseline_global,0000082,neg_0000082.png
32.9396984,-96.81429786232056,fuel,dense_cluster,2500,1000,fuel,baseline_global,0000083,neg_0000083.png
32.93998915,-96.82150962179418,fuel,dense_cluster,2500,1000,fuel,baseline_global,0000084,neg_0000084.png
35.05123015,-89.92382364221476,fuel,dense_cluster,2500,1000,fuel,baseline_global,0000085,neg_0000085.png
39.7275851,-105.0007175,fuel,dense_cluster,2500,1000,fuel,baseline_global,0000086,neg_0000086.png
35.03725595,-89.93073497828289,fuel,dense_cluster,2500,1000,fuel,baseline_global,0000087,neg_0000087.png
32.784775100000004,-97.0332487821419,fuel,dense_cluster,2500,1000,fuel,baseline_global,0000088,neg_0000088.png
35.051247849999996,-89.92249905,fuel,dense_cluster,2500,1000,fuel,baseline_global,0000089,neg_0000089.png
39.7550354,-105.025578,fuel,dense_cluster,2500,1000,fuel,baseline_global,0000090,neg_0000090.png
32.939673,-96.8555173,fuel,dense_cluster,2500,1000,fuel,baseline_global,0000091,neg_0000091.png
43.782105,-79.4940324,fuel,dense_cluster,2500,1000,fuel,baseline_global,0000092,neg_0000092.png
39.7551343,-105.0248557,fuel,dense_cluster,2500,1000,fuel,baseline_global,0000093,neg_0000093.png
39.739671099999995,-105.00398925,fuel,dense_cluster,2500,1000,fuel,baseline_global,0000094,neg_0000094.png
43.8191522,-79.5034699,fuel,dense_cluster,2500,1000,fuel,baseline_global,0000095,neg_0000095.png
35.0063066,-89.9022583,fuel,dense_cluster,2500,1000,fuel,baseline_global,0000096,neg_0000096.png
39.7563002,-105.016317,fuel,dense_cluster,2500,1000,fuel,baseline_global,0000097,neg_0000097.png
43.7890021,-79.5466366,fuel,dense_cluster,2500,1000,fuel,baseline_global,0000098,neg_0000098.png
39.7332347,-105.024812,fuel,dense_cluster,2500,1000,fuel,baseline_global,0000099,neg_0000099.png
40.5060787,-74.86240341257695,parking,isolated,2500,1000,parking,baseline_global,0000100,neg_0000100.png
40.5211745,-74.84921275132241,parking,isolated,2500,1000,parking,baseline_global,0000101,neg_0000101.png
40.502986899999996,-74.85450566587713,parking,isolated,2500,1000,parking,baseline_global,0000102,neg_0000102.png
40.5311572,-74.8562563798097,parking,isolated,2500,1000,parking,baseline_global,0000103,neg_0000103.png
40.50490505,-74.8611037282671,parking,isolated,2500,1000,parking,baseline_global,0000104,neg_0000104.png
40.501102450000005,-74.80561170936254,parking,isolated,2500,1000,parking,baseline_global,0000105,neg_0000105.png
40.5209079,-74.84742940085846,parking,isolated,2500,1000,parking,baseline_global,0000106,neg_0000106.png
40.50765835,-74.84606801966049,parking,isolated,2500,1000,parking,baseline_global,0000107,neg_0000107.png
40.503682999999995,-74.85361063879968,parking,isolated,2500,1000,parking,baseline_global,0000108,neg_0000108.png
40.50890255,-74.86112601142631,parking,isolated,2500,1000,parking,baseline_global,0000109,neg_0000109.png
40.530703849999995,-74.84313239053583,parking,isolated,2500,1000,parking,baseline_global,0000110,neg_0000110.png
40.5288373,-74.85375694789403,parking,isolated,2500,1000,parking,baseline_global,0000111,neg_0000111.png
40.537404550000005,-74.85901981499359,parking,isolated,2500,1000,parking,baseline_global,0000112,neg_0000112.png
40.5069977,-74.85948085448555,parking,isolated,2500,1000,parking,baseline_global,0000113,neg_0000113.png
40.50373225,-74.85506367344473,parking,isolated,2500,1000,parking,baseline_global,0000114,neg_0000114.png
40.51596865,-74.85114191021944,parking,isolated,2500,1000,parking,baseline_global,0000115,neg_0000115.png
40.5350915,-74.86170872081141,parking,isolated,2500,1000,parking,baseline_global,0000116,neg_0000116.png
40.50104105,-74.8551585574485,parking,isolated,2500,1000,parking,baseline_global,0000117,neg_0000117.png
40.501619899999994,-74.85536347913492,parking,isolated,2500,1000,parking,baseline_global,0000118,neg_0000118.png
40.5163259,-74.8155271448547,parking,isolated,2500,1000,parking,baseline_global,0000119,neg_0000119.png
40.50426385,-74.86175470344955,parking,isolated,2500,1000,parking,baseline_global,0000120,neg_0000120.png
40.52212965,-74.8491027454416,parking,isolated,2500,1000,parking,baseline_global,0000121,neg_0000121.png
40.531031799999994,-74.8594287431784,parking,isolated,2500,1000,parking,baseline_global,0000122,neg_0000122.png
40.4999113,-74.85879160870877,parking,isolated,2500,1000,parking,baseline_global,0000123,neg_0000123.png
40.51790445,-74.85796669020581,parking,isolated,2500,1000,parking,baseline_global,0000124,neg_0000124.png
40.51830795,-74.85140753313001,parking,isolated,2500,1000,parking,baseline_global,0000125,neg_0000125.png
40.52567835,-74.85235714680542,parking,isolated,2500,1000,parking,baseline_global,0000126,neg_0000126.png
40.50122675,-74.85618384150418,parking,isolated,2500,1000,parking,baseline_global,0000127,neg_0000127.png
40.51432735,-74.85894258506113,parking,isolated,2500,1000,parking,baseline_global,0000128,neg_0000128.png
40.51939915,-74.85097480176634,parking,isolated,2500,1000,parking,baseline_global,0000129,neg_0000129.png
40.5077993,-74.86007782250044,parking,isolated,2500,1000,parking,baseline_global,0000130,neg_0000130.png
40.51797955,-74.85423559523926,parking,isolated,2500,1000,parking,baseline_global,0000131,neg_0000131.png
40.5054205,-74.85611182155093,parking,isolated,2500,1000,parking,baseline_global,0000132,neg_0000132.png
40.509624,-74.86307023150698,parking,isolated,2500,1000,parking,baseline_global,0000133,neg_0000133.png
40.521106849999995,-74.84774685,parking,isolated,2500,1000,parking,baseline_global,0000134,neg_0000134.png
40.54224895,-74.86248216482991,parking,isolated,2500,1000,parking,baseline_global,0000135,neg_0000135.png
40.535435500000006,-74.85505399725923,parking,isolated,2500,1000,parking,baseline_global,0000136,neg_0000136.png
40.52019315,-74.8516946965047,parking,isolated,2500,1000,parking,baseline_global,0000137,neg_0000137.png
40.530029850000005,-74.86300526326175,parking,isolated,2500,1000,parking,baseline_global,0000138,neg_0000138.png
40.508308549999995,-74.85370982123494,parking,isolated,2500,1000,parking,baseline_global,0000139,neg_0000139.png
35.4087646,-80.66314097664161,parking,small_cluster,2500,1000,parking,baseline_global,0000140,neg_0000140.png
35.405207250000004,-80.6628581967754,parking,small_cluster,2500,1000,parking,baseline_global,0000141,neg_0000141.png
35.4278287,-80.65038884512195,parking,small_cluster,2500,1000,parking,baseline_global,0000142,neg_0000142.png
35.40656195,-80.689213679183,parking,small_cluster,2500,1000,parking,baseline_global,0000143,neg_0000143.png
35.402433450000004,-80.64445325971408,parking,small_cluster,2500,1000,parking,baseline_global,0000144,neg_0000144.png
35.41431865,-80.67206087282851,parking,small_cluster,2500,1000,parking,baseline_global,0000145,neg_0000145.png
35.4050825,-80.68415702775698,parking,small_cluster,2500,1000,parking,baseline_global,0000146,neg_0000146.png
35.4218637,-80.6804842577007,parking,small_cluster,2500,1000,parking,baseline_global,0000147,neg_0000147.png
35.40625525,-80.66379864613639,parking,small_cluster,2500,1000,parking,baseline_global,0000148,neg_0000148.png
35.4375405,-80.63692714615422,parking,small_cluster,2500,1000,parking,baseline_global,0000149,neg_0000149.png
35.41030755,-80.66552615889603,parking,small_cluster,2500,1000,parking,baseline_global,0000150,neg_0000150.png
35.40405735,-80.67127697979434,parking,small_cluster,2500,1000,parking,baseline_global,0000151,neg_0000151.png
35.40409595,-80.66344774499998,parking,small_cluster,2500,1000,parking,baseline_global,0000152,neg_0000152.png
35.415605,-80.6718755640538,parking,small_cluster,2500,1000,parking,baseline_global,0000153,neg_0000153.png
35.4225542,-80.67770137282184,parking,small_cluster,2500,1000,parking,baseline_global,0000154,neg_0000154.png
35.40611485,-80.68990875611746,parking,small_cluster,2500,1000,parking,baseline_global,0000155,neg_0000155.png
35.4059996,-80.69058670850814,parking,small_cluster,2500,1000,parking,baseline_global,0000156,neg_0000156.png
35.4016265,-80.64572231576648,parking,small_cluster,2500,1000,parking,baseline_global,0000157,neg_0000157.png
35.4133306,-80.67126951399868,parking,small_cluster,2500,1000,parking,baseline_global,0000158,neg_0000158.png
35.4217097,-80.67809802141818,parking,small_cluster,2500,1000,parking,baseline_global,0000159,neg_0000159.png
35.4087505,-80.66940665444585,parking,small_cluster,2500,1000,parking,baseline_global,0000160,neg_0000160.png
35.435309849999996,-80.65319579104298,parking,small_cluster,2500,1000,parking,baseline_global,0000161,neg_0000161.png
35.412676700000006,-80.63915289891966,parking,small_cluster,2500,1000,parking,baseline_global,0000162,neg_0000162.png
35.4047742,-80.67309645608728,parking,small_cluster,2500,1000,parking,baseline_global,0000163,neg_0000163.png
35.404738800000004,-80.65518710673769,parking,small_cluster,2500,1000,parking,baseline_global,0000164,neg_0000164.png
35.4156052,-80.6699081327217,parking,small_cluster,2500,1000,parking,baseline_global,0000165,neg_0000165.png
35.40656195,-80.69015400569046,parking,small_cluster,2500,1000,parking,baseline_global,0000166,neg_0000166.png
35.4014602,-80.64246273769763,parking,small_cluster,2500,1000,parking,baseline_global,0000167,neg_0000167.png
35.417275399999994,-80.67640946642504,parking,small_cluster,2500,1000,parking,baseline_global,0000168,neg_0000168.png
35.41412545,-80.6729126377275,parking,small_cluster,2500,1000,parking,baseline_global,0000169,neg_0000169.png
43.82161245,-79.53882906521568,parking,dense_cluster,2500,1000,parking,baseline_global,0000170,neg_0000170.png
43.79516165,-79.54647592798406,parking,dense_cluster,2500,1000,parking,baseline_global,0000171,neg_0000171.png
43.784421249999994,-79.55100726420821,parking,dense_cluster,2500,1000,parking,baseline_global,0000172,neg_0000172.png
43.7946479,-79.54697559683304,parking,dense_cluster,2500,1000,parking,baseline_global,0000173,neg_0000173.png
43.78833455,-79.54167450693475,parking,dense_cluster,2500,1000,parking,baseline_global,0000174,neg_0000174.png
43.7813635,-79.49156105,parking,dense_cluster,2500,1000,parking,baseline_global,0000175,neg_0000175.png
43.796959900000004,-79.53845038495069,parking,dense_cluster,2500,1000,parking,baseline_global,0000176,neg_0000176.png
43.7982529,-79.54392849537462,parking,dense_cluster,2500,1000,parking,baseline_global,0000177,neg_0000177.png
43.808457000000004,-79.53472721740701,parking,dense_cluster,2500,1000,parking,baseline_global,0000178,neg_0000178.png
43.80744515,-79.54960742237749,parking,dense_cluster,2500,1000,parking,baseline_global,0000179,neg_0000179.png
43.78280375,-79.55201535056358,parking,dense_cluster,2500,1000,parking,baseline_global,0000180,neg_0000180.png
43.79862465,-79.54368435598272,parking,dense_cluster,2500,1000,parking,baseline_global,0000181,neg_0000181.png
43.8219474,-79.54143744751465,parking,dense_cluster,2500,1000,parking,baseline_global,0000182,neg_0000182.png
43.80553175,-79.52950425541495,parking,dense_cluster,2500,1000,parking,baseline_global,0000183,neg_0000183.png
43.794117650000004,-79.54745608349381,parking,dense_cluster,2500,1000,parking,baseline_global,0000184,neg_0000184.png
43.799120099999996,-79.54830862222838,parking,dense_cluster,2500,1000,parking,baseline_global,0000185,neg_0000185.png
43.79532275,-79.54561495,parking,dense_cluster,2500,1000,parking,baseline_global,0000186,neg_0000186.png
43.79611075,-79.53317549351942,parking,dense_cluster,2500,1000,parking,baseline_global,0000187,neg_0000187.png
43.788133,-79.54583701158143,parking,dense_cluster,2500,1000,parking,baseline_global,0000188,neg_0000188.png
43.795151950000005,-79.53293868193168,parking,dense_cluster,2500,1000,parking,baseline_global,0000189,neg_0000189.png
43.79962905,-79.50040955,parking,dense_cluster,2500,1000,parking,baseline_global,0000190,neg_0000190.png
43.81955155,-79.53562505,parking,dense_cluster,2500,1000,parking,baseline_global,0000191,neg_0000191.png
43.78229725,-79.48959529999999,parking,dense_cluster,2500,1000,parking,baseline_global,0000192,neg_0000192.png
43.7886027,-79.54661195,parking,dense_cluster,2500,1000,parking,baseline_global,0000193,neg_0000193.png
43.792592549999995,-79.52359613254225,parking,dense_cluster,2500,1000,parking,baseline_global,0000194,neg_0000194.png
43.7887142,-79.54796121145844,parking,dense_cluster,2500,1000,parking,baseline_global,0000195,neg_0000195.png
43.815274450000004,-79.52751677456894,parking,dense_cluster,2500,1000,parking,baseline_global,0000196,neg_0000196.png
43.8187284,-79.52200830923819,parking,dense_cluster,2500,1000,parking,baseline_global,0000197,neg_0000197.png
43.8226044,-79.54296649493195,parking,dense_cluster,2500,1000,parking,baseline_global,0000198,neg_0000198.png
43.8089225,-79.50200467275278,parking,dense_cluster,2500,1000,parking,baseline_global,0000199,neg_0000199.png
47.6698313,-122.1217339,restaurant,isolated,2500,1000,restaurant,baseline_global,0000200,neg_0000200.png
47.67366,-122.1232079,restaurant,isolated,2500,1000,restaurant,baseline_global,0000201,neg_0000201.png
47.675706149999996,-122.12128274439488,restaurant,isolated,2500,1000,restaurant,baseline_global,0000202,neg_0000202.png
40.941866,-73.9771059,restaurant,isolated,2500,1000,restaurant,baseline_global,0000203,neg_0000203.png
47.6702169,-122.1160889,restaurant,isolated,2500,1000,restaurant,baseline_global,0000204,neg_0000204.png
47.6731779,-122.1196014,restaurant,isolated,2500,1000,restaurant,baseline_global,0000205,neg_0000205.png
47.6706391,-122.1206533,restaurant,isolated,2500,1000,restaurant,baseline_global,0000206,neg_0000206.png
47.6724928,-122.1178197,restaurant,isolated,2500,1000,restaurant,baseline_global,0000207,neg_0000207.png
40.5089752,-74.85899381948809,restaurant,isolated,2500,1000,restaurant,baseline_global,0000208,neg_0000208.png
40.5062307,-74.8474227,restaurant,isolated,2500,1000,restaurant,baseline_global,0000209,neg_0000209.png
47.6731886,-122.1230261,restaurant,isolated,2500,1000,restaurant,baseline_global,0000210,neg_0000210.png
47.6701435,-122.1168307,restaurant,isolated,2500,1000,restaurant,baseline_global,0000211,neg_0000211.png
47.6746005,-122.1270057,restaurant,isolated,2500,1000,restaurant,baseline_global,0000212,neg_0000212.png
40.9279661,-73.9615843,restaurant,isolated,2500,1000,restaurant,baseline_global,0000213,neg_0000213.png
47.6816407,-122.1231617,restaurant,isolated,2500,1000,restaurant,baseline_global,0000214,neg_0000214.png
40.5010886,-74.85350766342738,restaurant,isolated,2500,1000,restaurant,baseline_global,0000215,neg_0000215.png
40.9427265,-73.9623162,restaurant,isolated,2500,1000,restaurant,baseline_global,0000216,neg_0000216.png
40.511413399999995,-74.8578473,restaurant,isolated,2500,1000,restaurant,baseline_global,0000217,neg_0000217.png
47.6702329,-122.11434415426908,restaurant,isolated,2500,1000,restaurant,baseline_global,0000218,neg_0000218.png
47.6759979,-122.1225292,restaurant,isolated,2500,1000,restaurant,baseline_global,0000219,neg_0000219.png
47.6697211,-122.1200345,restaurant,isolated,2500,1000,restaurant,baseline_global,0000220,neg_0000220.png
47.6801712,-122.1250939,restaurant,isolated,2500,1000,restaurant,baseline_global,0000221,neg_0000221.png
47.6709317,-122.1139486,restaurant,isolated,2500,1000,restaurant,baseline_global,0000222,neg_0000222.png
40.506346699999995,-74.8586523049689,restaurant,isolated,2500,1000,restaurant,baseline_global,0000223,neg_0000223.png
47.6719611,-122.1117501,restaurant,isolated,2500,1000,restaurant,baseline_global,0000224,neg_0000224.png
47.6764909,-122.125221,restaurant,isolated,2500,1000,restaurant,baseline_global,0000225,neg_0000225.png
40.50734765,-74.86178032779685,restaurant,isolated,2500,1000,restaurant,baseline_global,0000226,neg_0000226.png
47.6698189,-122.1203507,restaurant,isolated,2500,1000,restaurant,baseline_global,0000227,neg_0000227.png
40.51452065,-74.82278675342492,restaurant,isolated,2500,1000,restaurant,baseline_global,0000228,neg_0000228.png
47.6705832,-122.119972,restaurant,isolated,2500,1000,restaurant,baseline_global,0000229,neg_0000229.png
47.6670024,-122.16640929513446,restaurant,isolated,2500,1000,restaurant,baseline_global,0000230,neg_0000230.png
42.1109062,-71.4608562,restaurant,isolated,2500,1000,restaurant,baseline_global,0000231,neg_0000231.png
40.9415322,-73.96099351871146,restaurant,isolated,2500,1000,restaurant,baseline_global,0000232,neg_0000232.png
47.6737933,-122.1224518,restaurant,isolated,2500,1000,restaurant,baseline_global,0000233,neg_0000233.png
40.50723185,-74.86259988294728,restaurant,isolated,2500,1000,restaurant,baseline_global,0000234,neg_0000234.png
47.6646913,-122.1645441,restaurant,isolated,2500,1000,restaurant,baseline_global,0000235,neg_0000235.png
47.6735973,-122.1243593,restaurant,isolated,2500,1000,restaurant,baseline_global,0000236,neg_0000236.png
47.6820117,-122.1234744,restaurant,isolated,2500,1000,restaurant,baseline_global,0000237,neg_0000237.png
40.9416348,-73.9610241,restaurant,isolated,2500,1000,restaurant,baseline_global,0000238,neg_0000238.png
47.6746349,-122.1222398,restaurant,isolated,2500,1000,restaurant,baseline_global,0000239,neg_0000239.png
40.0463278,-76.363812,restaurant,small_cluster,2500,1000,restaurant,baseline_global,0000240,neg_0000240.png
47.1899499,-122.27348371513033,restaurant,small_cluster,2500,1000,restaurant,baseline_global,0000241,neg_0000241.png
47.19155605,-122.26810655008317,restaurant,small_cluster,2500,1000,restaurant,baseline_global,0000242,neg_0000242.png
40.0416096,-76.3839482,restaurant,small_cluster,2500,1000,restaurant,baseline_global,0000243,neg_0000243.png
40.039328,-76.3606531,restaurant,small_cluster,2500,1000,restaurant,baseline_global,0000244,neg_0000244.png
40.05331055,-76.36057867340135,restaurant,small_cluster,2500,1000,restaurant,baseline_global,0000245,neg_0000245.png
35.418451000000005,-80.67538842273642,restaurant,small_cluster,2500,1000,restaurant,baseline_global,0000246,neg_0000246.png
35.414146849999995,-80.67022010435834,restaurant,small_cluster,2500,1000,restaurant,baseline_global,0000247,neg_0000247.png
35.4152134,-80.67041661146315,restaurant,small_cluster,2500,1000,restaurant,baseline_global,0000248,neg_0000248.png
35.4367864,-80.6796738,restaurant,small_cluster,2500,1000,restaurant,baseline_global,0000249,neg_0000249.png
35.41691265,-80.67647420775052,restaurant,small_cluster,2500,1000,restaurant,baseline_global,0000250,neg_0000250.png
47.195851000000005,-122.25212648558713,restaurant,small_cluster,2500,1000,restaurant,baseline_global,0000251,neg_0000251.png
40.0392759,-76.3649815,restaurant,small_cluster,2500,1000,restaurant,baseline_global,0000252,neg_0000252.png
47.1946539,-122.2534606,restaurant,small_cluster,2500,1000,restaurant,baseline_global,0000253,neg_0000253.png
47.2029386,-122.2156303,restaurant,small_cluster,2500,1000,restaurant,baseline_global,0000254,neg_0000254.png
47.2024402,-122.2233027,restaurant,small_cluster,2500,1000,restaurant,baseline_global,0000255,neg_0000255.png
40.04021085,-76.36669767721239,restaurant,small_cluster,2500,1000,restaurant,baseline_global,0000256,neg_0000256.png
47.2023572,-122.2194243,restaurant,small_cluster,2500,1000,restaurant,baseline_global,0000257,neg_0000257.png
35.4148671,-80.6696371812983,restaurant,small_cluster,2500,1000,restaurant,baseline_global,0000258,neg_0000258.png
47.2020721,-122.2196442,restaurant,small_cluster,2500,1000,restaurant,baseline_global,0000259,neg_0000259.png
40.0528396,-76.3989356,restaurant,small_cluster,2500,1000,restaurant,baseline_global,0000260,neg_0000260.png
47.2028768,-122.22849003055266,restaurant,small_cluster,2500,1000,restaurant,baseline_global,0000261,neg_0000261.png
35.4108833,-80.6665457,restaurant,small_cluster,2500,1000,restaurant,baseline_global,0000262,neg_0000262.png
40.0558792,-76.4003011,restaurant,small_cluster,2500,1000,restaurant,baseline_global,0000263,neg_0000263.png
40.05556285,-76.38398155528242,restaurant,small_cluster,2500,1000,restaurant,baseline_global,0000264,neg_0000264.png
35.4178863,-80.6756251982784,restaurant,small_cluster,2500,1000,restaurant,baseline_global,0000265,neg_0000265.png
35.41115875,-80.66740740587676,restaurant,small_cluster,2500,1000,restaurant,baseline_global,0000266,neg_0000266.png
40.0394349,-76.3652214,restaurant,small_cluster,2500,1000,restaurant,baseline_global,0000267,neg_0000267.png
35.4156743,-80.6767937,restaurant,small_cluster,2500,1000,restaurant,baseline_global,0000268,neg_0000268.png
40.05498675,-76.39875119999999,restaurant,small_cluster,2500,1000,restaurant,baseline_global,0000269,neg_0000269.png
43.802092,-79.4953802,restaurant,dense_cluster,2500,1000,restaurant,baseline_global,0000270,neg_0000270.png
43.7899645,-79.5228705,restaurant,dense_cluster,2500,1000,restaurant,baseline_global,0000271,neg_0000271.png
43.7966715,-79.5329043,restaurant,dense_cluster,2500,1000,restaurant,baseline_global,0000272,neg_0000272.png
43.8214916,-79.5384112,restaurant,dense_cluster,2500,1000,restaurant,baseline_global,0000273,neg_0000273.png
43.8224182,-79.5404442,restaurant,dense_cluster,2500,1000,restaurant,baseline_global,0000274,neg_0000274.png
43.7831469,-79.4899374,restaurant,dense_cluster,2500,1000,restaurant,baseline_global,0000275,neg_0000275.png
43.7956149,-79.5199597,restaurant,dense_cluster,2500,1000,restaurant,baseline_global,0000276,neg_0000276.png
43.7829024,-79.4908056,restaurant,dense_cluster,2500,1000,restaurant,baseline_global,0000277,neg_0000277.png
43.7861187,-79.54874440129768,restaurant,dense_cluster,2500,1000,restaurant,baseline_global,0000278,neg_0000278.png
43.8037303,-79.5494764,restaurant,dense_cluster,2500,1000,restaurant,baseline_global,0000279,neg_0000279.png
43.7974621,-79.5323977,restaurant,dense_cluster,2500,1000,restaurant,baseline_global,0000280,neg_0000280.png
43.78716475,-79.54342712342932,restaurant,dense_cluster,2500,1000,restaurant,baseline_global,0000281,neg_0000281.png
43.8022032,-79.4946284,restaurant,dense_cluster,2500,1000,restaurant,baseline_global,0000282,neg_0000282.png
43.7965184,-79.4978303,restaurant,dense_cluster,2500,1000,restaurant,baseline_global,0000283,neg_0000283.png
43.8037864,-79.5500963,restaurant,dense_cluster,2500,1000,restaurant,baseline_global,0000284,neg_0000284.png
43.7969274,-79.5364611,restaurant,dense_cluster,2500,1000,restaurant,baseline_global,0000285,neg_0000285.png
43.7974471,-79.5284642,restaurant,dense_cluster,2500,1000,restaurant,baseline_global,0000286,neg_0000286.png
43.7823333,-79.4935348,restaurant,dense_cluster,2500,1000,restaurant,baseline_global,0000287,neg_0000287.png
43.8090394,-79.5499202,restaurant,dense_cluster,2500,1000,restaurant,baseline_global,0000288,neg_0000288.png
43.8092253,-79.5481131,restaurant,dense_cluster,2500,1000,restaurant,baseline_global,0000289,neg_0000289.png
43.806822,-79.5509172,restaurant,dense_cluster,2500,1000,restaurant,baseline_global,0000290,neg_0000290.png
43.7880359,-79.5518746,restaurant,dense_cluster,2500,1000,restaurant,baseline_global,0000291,neg_0000291.png
43.8019275,-79.4990713,restaurant,dense_cluster,2500,1000,restaurant,baseline_global,0000292,neg_0000292.png
43.8076027,-79.5489166,restaurant,dense_cluster,2500,1000,restaurant,baseline_global,0000293,neg_0000293.png
43.8024437,-79.4919313,restaurant,dense_cluster,2500,1000,restaurant,baseline_global,0000294,neg_0000294.png
43.8087867,-79.5488936,restaurant,dense_cluster,2500,1000,restaurant,baseline_global,0000295,neg_0000295.png
43.7890669,-79.5331456,restaurant,dense_cluster,2500,1000,restaurant,baseline_global,0000296,neg_0000296.png
43.7862763,-79.54424636604807,restaurant,dense_cluster,2500,1000,restaurant,baseline_global,0000297,neg_0000297.png
43.7831792,-79.489828,restaurant,dense_cluster,2500,1000,restaurant,baseline_global,0000298,neg_0000298.png
43.7821692,-79.4904138,restaurant,dense_cluster,2500,1000,restaurant,baseline_global,0000299,neg_0000299.png
29.2356895,-81.09858338720758,hospital,isolated,2500,1000,hospital,baseline_global,0000300,neg_0000300.png
29.3995319,-98.62297841765125,hospital,isolated,2500,1000,hospital,baseline_global,0000301,neg_0000301.png
29.2140197,-81.0685933,hospital,isolated,2500,1000,hospital,baseline_global,0000302,neg_0000302.png
40.53132745,-74.8613531757357,hospital,isolated,2500,1000,hospital,baseline_global,0000303,neg_0000303.png
29.205734200000002,-81.05606683299479,hospital,isolated,2500,1000,hospital,baseline_global,0000304,neg_0000304.png
40.90437205,-73.96851290929763,hospital,isolated,2500,1000,hospital,baseline_global,0000305,neg_0000305.png
43.25923425,-81.15163189951804,hospital,isolated,2500,1000,hospital,baseline_global,0000306,neg_0000306.png
41.5528676,-89.08737023790374,hospital,isolated,2500,1000,hospital,baseline_global,0000307,neg_0000307.png
47.6732863,-122.129091,hospital,isolated,2500,1000,hospital,baseline_global,0000308,neg_0000308.png
29.242585599999998,-81.10780386110477,hospital,isolated,2500,1000,hospital,baseline_global,0000309,neg_0000309.png
40.047534999999996,-76.30429175289342,hospital,small_cluster,2500,1000,hospital,baseline_global,0000310,neg_0000310.png
40.0622984,-76.35176999989513,hospital,small_cluster,2500,1000,hospital,baseline_global,0000311,neg_0000311.png
35.46327085,-97.63584679865879,hospital,small_cluster,2500,1000,hospital,baseline_global,0000312,neg_0000312.png
40.06481,-76.35107720415127,hospital,small_cluster,2500,1000,hospital,baseline_global,0000313,neg_0000313.png
38.91783385,-77.0201005008513,hospital,small_cluster,2500,1000,hospital,baseline_global,0000314,neg_0000314.png
38.903445,-77.0594219,hospital,small_cluster,2500,1000,hospital,baseline_global,0000315,neg_0000315.png
29.7023897,-95.1012625,hospital,small_cluster,2500,1000,hospital,baseline_global,0000316,neg_0000316.png
40.0491812,-76.3143879246422,hospital,small_cluster,2500,1000,hospital,baseline_global,0000317,neg_0000317.png
38.927020999999996,-77.01397879086224,hospital,small_cluster,2500,1000,hospital,baseline_global,0000318,neg_0000318.png
38.93067895,-77.0141051009719,hospital,small_cluster,2500,1000,hospital,baseline_global,0000319,neg_0000319.png
38.90137665,-77.05061978054535,hospital,small_cluster,2500,1000,hospital,baseline_global,0000320,neg_0000320.png
38.9287492,-77.01476928297282,hospital,small_cluster,2500,1000,hospital,baseline_global,0000321,neg_0000321.png
39.7273281,-104.99120845393924,hospital,dense_cluster,2500,1000,hospital,baseline_global,0000322,neg_0000322.png
33.98971405,-118.2238792,hospital,dense_cluster,2500,1000,hospital,baseline_global,0000323,neg_0000323.png
39.7594523,-105.0434853,hospital,dense_cluster,2500,1000,hospital,baseline_global,0000324,neg_0000324.png
33.4358162,-112.08148499481496,hospital,dense_cluster,2500,1000,hospital,baseline_global,0000325,neg_0000325.png
39.74334935,-105.03581114088212,hospital,dense_cluster,2500,1000,hospital,baseline_global,0000326,neg_0000326.png
33.9828948,-118.2256917,hospital,dense_cluster,2500,1000,hospital,baseline_global,0000327,neg_0000327.png
39.76366555,-104.84539646769706,hospital,dense_cluster,2500,1000,hospital,baseline_global,0000328,neg_0000328.png
33.4356459,-112.0812143,hospital,dense_cluster,2500,1000,hospital,baseline_global,0000329,neg_0000329.png
40.21908875,-79.6124975057277,hotel,isolated,2500,1000,hotel,baseline_global,0000330,neg_0000330.png
52.5319537,-0.3199956439978179,hotel,isolated,2500,1000,hotel,baseline_global,0000331,neg_0000331.png
47.67345745,-122.13033443330153,hotel,isolated,2500,1000,hotel,baseline_global,0000332,neg_0000332.png
33.3310375,-86.9937291,hotel,isolated,2500,1000,hotel,baseline_global,0000333,neg_0000333.png
29.405856999999997,-98.6160660990099,hotel,isolated,2500,1000,hotel,baseline_global,0000334,neg_0000334.png
47.672076950000005,-122.12182281625506,hotel,isolated,2500,1000,hotel,baseline_global,0000335,neg_0000335.png
42.494628250000005,-92.33955246045653,hotel,isolated,2500,1000,hotel,baseline_global,0000336,neg_0000336.png
40.5106625,-74.8587384,hotel,isolated,2500,1000,hotel,baseline_global,0000337,neg_0000337.png
40.217611500000004,-79.61227956458006,hotel,isolated,2500,1000,hotel,baseline_global,0000338,neg_0000338.png
47.6688147,-122.12084692858066,hotel,isolated,2500,1000,hotel,baseline_global,0000339,neg_0000339.png
52.5484867,-0.3233889,hotel,isolated,2500,1000,hotel,baseline_global,0000340,neg_0000340.png
47.66842065,-122.10530986610439,hotel,isolated,2500,1000,hotel,baseline_global,0000341,neg_0000341.png
52.550138399999994,-0.3257477462880515,hotel,isolated,2500,1000,hotel,baseline_global,0000342,neg_0000342.png
40.5079097,-74.84450025449073,hotel,isolated,2500,1000,hotel,baseline_global,0000343,neg_0000343.png
40.5140215,-74.82302250000001,hotel,isolated,2500,1000,hotel,baseline_global,0000344,neg_0000344.png
40.51423845,-74.82262607481553,hotel,isolated,2500,1000,hotel,baseline_global,0000345,neg_0000345.png
40.51071455,-74.85861103884588,hotel,isolated,2500,1000,hotel,baseline_global,0000346,neg_0000346.png
25.941783450000003,-97.43213266838012,hotel,isolated,2500,1000,hotel,baseline_global,0000347,neg_0000347.png
40.51421785,-74.8232612,hotel,isolated,2500,1000,hotel,baseline_global,0000348,neg_0000348.png
42.08860925,-71.43667329487666,hotel,isolated,2500,1000,hotel,baseline_global,0000349,neg_0000349.png
40.22049595,-79.60624493160029,hotel,isolated,2500,1000,hotel,baseline_global,0000350,neg_0000350.png
52.544802149999995,-0.33032821880505986,hotel,isolated,2500,1000,hotel,baseline_global,0000351,neg_0000351.png
40.2199537,-79.6133530302817,hotel,isolated,2500,1000,hotel,baseline_global,0000352,neg_0000352.png
42.4992807,-92.34940113686412,hotel,isolated,2500,1000,hotel,baseline_global,0000353,neg_0000353.png
29.40556985,-98.61741962714095,hotel,isolated,2500,1000,hotel,baseline_global,0000354,neg_0000354.png
47.671193349999996,-122.122173604619,hotel,isolated,2500,1000,hotel,baseline_global,0000355,neg_0000355.png
47.6734399,-122.11859660578818,hotel,isolated,2500,1000,hotel,baseline_global,0000356,neg_0000356.png
42.4692857,-92.3211695,hotel,isolated,2500,1000,hotel,baseline_global,0000357,neg_0000357.png
40.513977049999994,-74.82265036038234,hotel,isolated,2500,1000,hotel,baseline_global,0000358,neg_0000358.png
29.698855799999997,-95.10011589681687,hotel,small_cluster,2500,1000,hotel,baseline_global,0000359,neg_0000359.png
35.4610592,-97.60376462420962,hotel,small_cluster,2500,1000,hotel,baseline_global,0000360,neg_0000360.png
35.4592625,-97.59574024952852,hotel,small_cluster,2500,1000,hotel,baseline_global,0000361,neg_0000361.png
35.45909315,-97.59621005024206,hotel,small_cluster,2500,1000,hotel,baseline_global,0000362,neg_0000362.png
35.46178895,-97.59967209680167,hotel,small_cluster,2500,1000,hotel,baseline_global,0000363,neg_0000363.png
35.461397500000004,-97.5974794956011,hotel,small_cluster,2500,1000,hotel,baseline_global,0000364,neg_0000364.png
37.97743135,-122.32344460233509,hotel,small_cluster,2500,1000,hotel,baseline_global,0000365,neg_0000365.png
35.4628868,-97.60527342500001,hotel,small_cluster,2500,1000,hotel,baseline_global,0000366,neg_0000366.png
35.4581307,-97.6003151566641,hotel,small_cluster,2500,1000,hotel,baseline_global,0000367,neg_0000367.png
35.40995905,-80.6670574471419,hotel,small_cluster,2500,1000,hotel,baseline_global,0000368,neg_0000368.png
40.03968345,-76.36094939595398,hotel,small_cluster,2500,1000,hotel,baseline_global,0000369,neg_0000369.png
35.4550176,-97.60046230577743,hotel,small_cluster,2500,1000,hotel,baseline_global,0000370,neg_0000370.png
35.4648897,-97.5984069,hotel,small_cluster,2500,1000,hotel,baseline_global,0000371,neg_0000371.png
35.458281150000005,-97.59961881680258,hotel,small_cluster,2500,1000,hotel,baseline_global,0000372,neg_0000372.png
35.46364645,-97.63490119227748,hotel,small_cluster,2500,1000,hotel,baseline_global,0000373,neg_0000373.png
35.458754850000005,-97.60409391367901,hotel,small_cluster,2500,1000,hotel,baseline_global,0000374,neg_0000374.png
39.9963637,-76.73532912306814,hotel,small_cluster,2500,1000,hotel,baseline_global,0000375,neg_0000375.png
40.0532079,-76.3626496,hotel,small_cluster,2500,1000,hotel,baseline_global,0000376,neg_0000376.png
35.45642805,-97.59871040645737,hotel,small_cluster,2500,1000,hotel,baseline_global,0000377,neg_0000377.png
40.0525325,-76.39994182229884,hotel,small_cluster,2500,1000,hotel,baseline_global,0000378,neg_0000378.png
35.4586712,-97.60440455927534,hotel,small_cluster,2500,1000,hotel,baseline_global,0000379,neg_0000379.png
35.4628656,-97.60031782434974,hotel,small_cluster,2500,1000,hotel,baseline_global,0000380,neg_0000380.png
35.45644365,-97.60289154004778,hotel,small_cluster,2500,1000,hotel,baseline_global,0000381,neg_0000381.png
35.45912095,-97.59730407504934,hotel,small_cluster,2500,1000,hotel,baseline_global,0000382,neg_0000382.png
37.97743535,-122.32191986988681,hotel,small_cluster,2500,1000,hotel,baseline_global,0000383,neg_0000383.png
35.45756085,-97.60195585930876,hotel,small_cluster,2500,1000,hotel,baseline_global,0000384,neg_0000384.png
35.46299195,-97.60348859444177,hotel,small_cluster,2500,1000,hotel,baseline_global,0000385,neg_0000385.png
35.463393749999994,-97.63521270839541,hotel,small_cluster,2500,1000,hotel,baseline_global,0000386,neg_0000386.png
35.46287685,-97.60288070023952,hotel,small_cluster,2500,1000,hotel,baseline_global,0000387,neg_0000387.png
29.69958915,-95.10064096331465,hotel,small_cluster,2500,1000,hotel,baseline_global,0000388,neg_0000388.png
39.7422896,-104.991950418893,hotel,dense_cluster,2500,1000,hotel,baseline_global,0000389,neg_0000389.png
39.7431463,-104.99261834862187,hotel,dense_cluster,2500,1000,hotel,baseline_global,0000390,neg_0000390.png
43.787385,-79.53488679572965,hotel,dense_cluster,2500,1000,hotel,baseline_global,0000391,neg_0000391.png
39.757705,-104.99942989311126,hotel,dense_cluster,2500,1000,hotel,baseline_global,0000392,neg_0000392.png
43.7994561,-79.5393250982742,hotel,dense_cluster,2500,1000,hotel,baseline_global,0000393,neg_0000393.png
39.74824325,-104.99207527737894,hotel,dense_cluster,2500,1000,hotel,baseline_global,0000394,neg_0000394.png
32.93881315,-96.84061672822472,hotel,dense_cluster,2500,1000,hotel,baseline_global,0000395,neg_0000395.png
32.95107625,-96.82435698783591,hotel,dense_cluster,2500,1000,hotel,baseline_global,0000396,neg_0000396.png
32.9521588,-96.82758820000001,hotel,dense_cluster,2500,1000,hotel,baseline_global,0000397,neg_0000397.png
39.7404832,-104.99274190012702,hotel,dense_cluster,2500,1000,hotel,baseline_global,0000398,neg_0000398.png
39.7411293,-104.9950846,hotel,dense_cluster,2500,1000,hotel,baseline_global,0000399,neg_0000399.png
32.9270913,-96.8248967909295,hotel,dense_cluster,2500,1000,hotel,baseline_global,0000400,neg_0000400.png
39.7501384,-104.99188078974362,hotel,dense_cluster,2500,1000,hotel,baseline_global,0000401,neg_0000401.png
32.9384683,-96.81888258922507,hotel,dense_cluster,2500,1000,hotel,baseline_global,0000402,neg_0000402.png
39.747424699999996,-104.99309854131062,hotel,dense_cluster,2500,1000,hotel,baseline_global,0000403,neg_0000403.png
39.757697,-105.01635419168748,hotel,dense_cluster,2500,1000,hotel,baseline_global,0000404,neg_0000404.png
43.7910331,-79.52978753202896,hotel,dense_cluster,2500,1000,hotel,baseline_global,0000405,neg_0000405.png
32.952603350000004,-96.82892975842586,hotel,dense_cluster,2500,1000,hotel,baseline_global,0000406,neg_0000406.png
39.748768,-104.99566144425432,hotel,dense_cluster,2500,1000,hotel,baseline_global,0000407,neg_0000407.png
32.926342649999995,-96.84244140912853,hotel,dense_cluster,2500,1000,hotel,baseline_global,0000408,neg_0000408.png
43.82287035,-79.53702395493627,hotel,dense_cluster,2500,1000,hotel,baseline_global,0000409,neg_0000409.png
39.7454818,-104.9943791,hotel,dense_cluster,2500,1000,hotel,baseline_global,0000410,neg_0000410.png
43.798754,-79.53905218772206,hotel,dense_cluster,2500,1000,hotel,baseline_global,0000411,neg_0000411.png
39.756681150000006,-105.01486518363595,hotel,dense_cluster,2500,1000,hotel,baseline_global,0000412,neg_0000412.png
32.9522518,-96.83655421910066,hotel,dense_cluster,2500,1000,hotel,baseline_global,0000413,neg_0000413.png
39.753185349999995,-105.00206444101173,hotel,dense_cluster,2500,1000,hotel,baseline_global,0000414,neg_0000414.png
39.74340455,-104.99364640604429,hotel,dense_cluster,2500,1000,hotel,baseline_global,0000415,neg_0000415.png
39.74606115,-104.99853066295218,hotel,dense_cluster,2500,1000,hotel,baseline_global,0000416,neg_0000416.png
39.74155215,-104.9928978086167,hotel,dense_cluster,2500,1000,hotel,baseline_global,0000417,neg_0000417.png
39.744117700000004,-104.99392050844075,hotel,dense_cluster,2500,1000,hotel,baseline_global,0000418,neg_0000418.png
33.33531,-86.993392,supermarket,isolated,2500,1000,supermarket,baseline_global,0000419,neg_0000419.png
42.4781476,-92.3237103,supermarket,isolated,2500,1000,supermarket,baseline_global,0000420,neg_0000420.png
42.4803928,-92.3235172,supermarket,isolated,2500,1000,supermarket,baseline_global,0000421,neg_0000421.png
33.3288758,-86.9986743,supermarket,isolated,2500,1000,supermarket,baseline_global,0000422,neg_0000422.png
29.2184173,-81.0950261,supermarket,isolated,2500,1000,supermarket,baseline_global,0000423,neg_0000423.png
43.2601965,-81.11548018983285,supermarket,isolated,2500,1000,supermarket,baseline_global,0000424,neg_0000424.png
40.5417147,-74.85512592957434,supermarket,isolated,2500,1000,supermarket,baseline_global,0000425,neg_0000425.png
47.6693409,-122.115837,supermarket,isolated,2500,1000,supermarket,baseline_global,0000426,neg_0000426.png
42.1162901,-71.4621348,supermarket,isolated,2500,1000,supermarket,baseline_global,0000427,neg_0000427.png
40.531182900000005,-74.85532675998675,supermarket,isolated,2500,1000,supermarket,baseline_global,0000428,neg_0000428.png
42.0903212,-71.4755663,supermarket,isolated,2500,1000,supermarket,baseline_global,0000429,neg_0000429.png
42.4834965,-92.329111,supermarket,isolated,2500,1000,supermarket,baseline_global,0000430,neg_0000430.png
42.47610995,-92.3427945819281,supermarket,isolated,2500,1000,supermarket,baseline_global,0000431,neg_0000431.png
52.5406442,-0.26355250924643514,supermarket,isolated,2500,1000,supermarket,baseline_global,0000432,neg_0000432.png
52.54325645,-0.3027276364283215,supermarket,isolated,2500,1000,supermarket,baseline_global,0000433,neg_0000433.png
47.6657608,-122.165911,supermarket,isolated,2500,1000,supermarket,baseline_global,0000434,neg_0000434.png
35.5995875,-80.813729,supermarket,isolated,2500,1000,supermarket,baseline_global,0000435,neg_0000435.png
47.670329100000004,-122.11580264765166,supermarket,isolated,2500,1000,supermarket,baseline_global,0000436,neg_0000436.png
47.6756673,-122.128898,supermarket,isolated,2500,1000,supermarket,baseline_global,0000437,neg_0000437.png
47.67188295,-122.10967108229815,supermarket,isolated,2500,1000,supermarket,baseline_global,0000438,neg_0000438.png
42.48874,-92.34680375226168,supermarket,isolated,2500,1000,supermarket,baseline_global,0000439,neg_0000439.png
42.4929205,-92.3360385,supermarket,isolated,2500,1000,supermarket,baseline_global,0000440,neg_0000440.png
40.5060848,-74.8477869,supermarket,isolated,2500,1000,supermarket,baseline_global,0000441,neg_0000441.png
42.4936503,-92.3409911308112,supermarket,isolated,2500,1000,supermarket,baseline_global,0000442,neg_0000442.png
35.5880227,-80.7945423,supermarket,isolated,2500,1000,supermarket,baseline_global,0000443,neg_0000443.png
40.9411342,-73.9603132,supermarket,isolated,2500,1000,supermarket,baseline_global,0000444,neg_0000444.png
47.6756999,-122.1279042,supermarket,isolated,2500,1000,supermarket,baseline_global,0000445,neg_0000445.png
42.4957445,-92.31520194955785,supermarket,isolated,2500,1000,supermarket,baseline_global,0000446,neg_0000446.png
40.5298794,-74.8564319,supermarket,isolated,2500,1000,supermarket,baseline_global,0000447,neg_0000447.png
35.57777015,-80.791471599125,supermarket,isolated,2500,1000,supermarket,baseline_global,0000448,neg_0000448.png
42.4770277,-92.3237594,supermarket,isolated,2500,1000,supermarket,baseline_global,0000449,neg_0000449.png
40.52754315,-74.8508937399022,supermarket,isolated,2500,1000,supermarket,baseline_global,0000450,neg_0000450.png
41.556496749999994,-89.12508016733128,supermarket,isolated,2500,1000,supermarket,baseline_global,0000451,neg_0000451.png
42.4763874,-92.3435166,supermarket,isolated,2500,1000,supermarket,baseline_global,0000452,neg_0000452.png
29.2217916,-81.09185371261296,supermarket,isolated,2500,1000,supermarket,baseline_global,0000453,neg_0000453.png
47.6808314,-122.126433,supermarket,isolated,2500,1000,supermarket,baseline_global,0000454,neg_0000454.png
42.477838,-92.3238029,supermarket,isolated,2500,1000,supermarket,baseline_global,0000455,neg_0000455.png
52.54373755,-0.30297694342908776,supermarket,isolated,2500,1000,supermarket,baseline_global,0000456,neg_0000456.png
52.547858649999995,-0.27752826137785636,supermarket,isolated,2500,1000,supermarket,baseline_global,0000457,neg_0000457.png
42.1112511,-71.4616014,supermarket,isolated,2500,1000,supermarket,baseline_global,0000458,neg_0000458.png
38.90101395,-77.04913465,supermarket,small_cluster,2500,1000,supermarket,baseline_global,0000459,neg_0000459.png
38.9351083,-77.0579407,supermarket,small_cluster,2500,1000,supermarket,baseline_global,0000460,neg_0000460.png
38.909467,-77.0554477,supermarket,small_cluster,2500,1000,supermarket,baseline_global,0000461,neg_0000461.png
38.9308994,-77.027835,supermarket,small_cluster,2500,1000,supermarket,baseline_global,0000462,neg_0000462.png
35.494538399999996,-97.6377347948245,supermarket,small_cluster,2500,1000,supermarket,baseline_global,0000463,neg_0000463.png
37.9866913,-122.310321,supermarket,small_cluster,2500,1000,supermarket,baseline_global,0000464,neg_0000464.png
38.9208499,-77.0321303,supermarket,small_cluster,2500,1000,supermarket,baseline_global,0000465,neg_0000465.png
38.9090968,-77.0226834,supermarket,small_cluster,2500,1000,supermarket,baseline_global,0000466,neg_0000466.png
38.9308461,-77.0318599,supermarket,small_cluster,2500,1000,supermarket,baseline_global,0000467,neg_0000467.png
35.410263,-80.6568336,supermarket,small_cluster,2500,1000,supermarket,baseline_global,0000468,neg_0000468.png
40.05427875,-76.40035130102302,supermarket,small_cluster,2500,1000,supermarket,baseline_global,0000469,neg_0000469.png
38.9309584,-77.0385457,supermarket,small_cluster,2500,1000,supermarket,baseline_global,0000470,neg_0000470.png
40.06363165,-76.4116968704442,supermarket,small_cluster,2500,1000,supermarket,baseline_global,0000471,neg_0000471.png
38.9041925,-77.0531294,supermarket,small_cluster,2500,1000,supermarket,baseline_global,0000472,neg_0000472.png
38.9218478,-77.0383963,supermarket,small_cluster,2500,1000,supermarket,baseline_global,0000473,neg_0000473.png
38.9194079,-77.0248026,supermarket,small_cluster,2500,1000,supermarket,baseline_global,0000474,neg_0000474.png
35.4109225,-80.66698967738904,supermarket,small_cluster,2500,1000,supermarket,baseline_global,0000475,neg_0000475.png
35.412100800000005,-80.66321340319605,supermarket,small_cluster,2500,1000,supermarket,baseline_global,0000476,neg_0000476.png
38.9242216,-77.04102024780732,supermarket,small_cluster,2500,1000,supermarket,baseline_global,0000477,neg_0000477.png
47.204593,-122.22790069412102,supermarket,small_cluster,2500,1000,supermarket,baseline_global,0000478,neg_0000478.png
38.93012,-77.0381304,supermarket,small_cluster,2500,1000,supermarket,baseline_global,0000479,neg_0000479.png
38.9065572,-77.0484327,supermarket,small_cluster,2500,1000,supermarket,baseline_global,0000480,neg_0000480.png
38.92096505,-77.07110284019805,supermarket,small_cluster,2500,1000,supermarket,baseline_global,0000481,neg_0000481.png
38.9351856,-77.0579966,supermarket,small_cluster,2500,1000,supermarket,baseline_global,0000482,neg_0000482.png
38.9358559,-77.0329877,supermarket,small_cluster,2500,1000,supermarket,baseline_global,0000483,neg_0000483.png
38.9294707,-77.0329002,supermarket,small_cluster,2500,1000,supermarket,baseline_global,0000484,neg_0000484.png
40.0441082,-76.36537327380861,supermarket,small_cluster,2500,1000,supermarket,baseline_global,0000485,neg_0000485.png
38.9161261,-77.0322113,supermarket,small_cluster,2500,1000,supermarket,baseline_global,0000486,neg_0000486.png
38.9175428,-77.0687353075254,supermarket,small_cluster,2500,1000,supermarket,baseline_global,0000487,neg_0000487.png
35.4926901,-97.6226912,supermarket,small_cluster,2500,1000,supermarket,baseline_global,0000488,neg_0000488.png
32.908392649999996,-96.85371898606363,supermarket,dense_cluster,2500,1000,supermarket,baseline_global,0000489,neg_0000489.png
39.7617463,-105.0183431,supermarket,dense_cluster,2500,1000,supermarket,baseline_global,0000490,neg_0000490.png
33.9867,-118.2239581,supermarket,dense_cluster,2500,1000,supermarket,baseline_global,0000491,neg_0000491.png
39.7593133,-104.86655188688243,supermarket,dense_cluster,2500,1000,supermarket,baseline_global,0000492,neg_0000492.png
32.9342901,-96.8176278,supermarket,dense_cluster,2500,1000,supermarket,baseline_global,0000493,neg_0000493.png
39.7375697,-104.99799029542723,supermarket,dense_cluster,2500,1000,supermarket,baseline_global,0000494,neg_0000494.png
39.7547404,-105.001586,supermarket,dense_cluster,2500,1000,supermarket,baseline_global,0000495,neg_0000495.png
32.950477250000006,-96.85285464506904,supermarket,dense_cluster,2500,1000,supermarket,baseline_global,0000496,neg_0000496.png
32.8122941,-97.42614823588687,supermarket,dense_cluster,2500,1000,supermarket,baseline_global,0000497,neg_0000497.png
32.928225499999996,-96.81354990063274,supermarket,dense_cluster,2500,1000,supermarket,baseline_global,0000498,neg_0000498.png
43.7910826,-79.5442101,supermarket,dense_cluster,2500,1000,supermarket,baseline_global,0000499,neg_0000499.png
43.79574765,-79.53450398323561,supermarket,dense_cluster,2500,1000,supermarket,baseline_global,0000500,neg_0000500.png
39.755637,-105.0243375,supermarket,dense_cluster,2500,1000,supermarket,baseline_global,0000501,neg_0000501.png
39.7585557,-104.9986375,supermarket,dense_cluster,2500,1000,supermarket,baseline_global,0000502,neg_0000502.png
43.78753225,-79.54937601355965,supermarket,dense_cluster,2500,1000,supermarket,baseline_global,0000503,neg_0000503.png
32.953310099999996,-96.82116564832944,supermarket,dense_cluster,2500,1000,supermarket,baseline_global,0000504,neg_0000504.png
32.9383871,-96.8536294098322,supermarket,dense_cluster,2500,1000,supermarket,baseline_global,0000505,neg_0000505.png
43.7815083,-79.4901462,supermarket,dense_cluster,2500,1000,supermarket,baseline_global,0000506,neg_0000506.png
43.8071998,-79.5504833,supermarket,dense_cluster,2500,1000,supermarket,baseline_global,0000507,neg_0000507.png
32.8148072,-97.4345889,supermarket,dense_cluster,2500,1000,supermarket,baseline_global,0000508,neg_0000508.png
43.7843535,-79.5425022,supermarket,dense_cluster,2500,1000,supermarket,baseline_global,0000509,neg_0000509.png
33.9706149,-118.1656423,supermarket,dense_cluster,2500,1000,supermarket,baseline_global,0000510,neg_0000510.png
39.7324569,-105.0054571,supermarket,dense_cluster,2500,1000,supermarket,baseline_global,0000511,neg_0000511.png
32.8141308,-97.42999348776556,supermarket,dense_cluster,2500,1000,supermarket,baseline_global,0000512,neg_0000512.png
39.733181,-105.031734,supermarket,dense_cluster,2500,1000,supermarket,baseline_global,0000513,neg_0000513.png
39.7572583,-104.9987602,supermarket,dense_cluster,2500,1000,supermarket,baseline_global,0000514,neg_0000514.png
39.76005395,-104.8473836,supermarket,dense_cluster,2500,1000,supermarket,baseline_global,0000515,neg_0000515.png
43.7979038,-79.53886257308056,supermarket,dense_cluster,2500,1000,supermarket,baseline_global,0000516,neg_0000516.png
39.7516837,-104.9928189,supermarket,dense_cluster,2500,1000,supermarket,baseline_global,0000517,neg_0000517.png
32.8121381,-97.422339441805,supermarket,dense_cluster,2500,1000,supermarket,baseline_global,0000518,neg_0000518.png
40.94290615,-73.945488776681,school,isolated,2500,1000,school,baseline_global,0000519,neg_0000519.png
40.9292654,-73.9715267,school,isolated,2500,1000,school,baseline_global,0000520,neg_0000520.png
40.9431541,-73.9593041,school,isolated,2500,1000,school,baseline_global,0000521,neg_0000521.png
40.90442725,-73.99733029397993,school,isolated,2500,1000,school,baseline_global,0000522,neg_0000522.png
40.9150041,-73.99337079426203,school,isolated,2500,1000,school,baseline_global,0000523,neg_0000523.png
40.905446,-73.98431298406742,school,isolated,2500,1000,school,baseline_global,0000524,neg_0000524.png
40.5296844,-74.8538254,school,isolated,2500,1000,school,baseline_global,0000525,neg_0000525.png
29.4232886,-98.5825194,school,isolated,2500,1000,school,baseline_global,0000526,neg_0000526.png
40.518261100000004,-74.85060033635204,school,isolated,2500,1000,school,baseline_global,0000527,neg_0000527.png
40.5194788,-74.8547454,school,isolated,2500,1000,school,baseline_global,0000528,neg_0000528.png
40.5103726,-74.86489197583089,school,isolated,2500,1000,school,baseline_global,0000529,neg_0000529.png
29.4236836,-98.58293488663459,school,isolated,2500,1000,school,baseline_global,0000530,neg_0000530.png
40.90558695,-73.97105118569024,school,isolated,2500,1000,school,baseline_global,0000531,neg_0000531.png
29.443363050000002,-98.59842407409559,school,isolated,2500,1000,school,baseline_global,0000532,neg_0000532.png
29.4358636,-98.59041274428198,school,isolated,2500,1000,school,baseline_global,0000533,neg_0000533.png
29.4242964,-98.5825165,school,isolated,2500,1000,school,baseline_global,0000534,neg_0000534.png
40.907336799999996,-73.98318300425765,school,isolated,2500,1000,school,baseline_global,0000535,neg_0000535.png
29.42218335,-98.62233571092821,school,isolated,2500,1000,school,baseline_global,0000536,neg_0000536.png
40.50277715,-74.83345201328751,school,isolated,2500,1000,school,baseline_global,0000537,neg_0000537.png
29.414278449999998,-98.62263239835494,school,isolated,2500,1000,school,baseline_global,0000538,neg_0000538.png
40.926351600000004,-73.99296576339958,school,isolated,2500,1000,school,baseline_global,0000539,neg_0000539.png
40.9114879,-73.9576376,school,isolated,2500,1000,school,baseline_global,0000540,neg_0000540.png
40.9031548,-73.957082,school,isolated,2500,1000,school,baseline_global,0000541,neg_0000541.png
40.5035177,-74.8328271,school,isolated,2500,1000,school,baseline_global,0000542,neg_0000542.png
40.9425985,-73.9693044,school,isolated,2500,1000,school,baseline_global,0000543,neg_0000543.png
40.9287098,-73.9945829,school,isolated,2500,1000,school,baseline_global,0000544,neg_0000544.png
40.5334958,-74.858937,school,isolated,2500,1000,school,baseline_global,0000545,neg_0000545.png
40.5282238,-74.85506134498388,school,isolated,2500,1000,school,baseline_global,0000546,neg_0000546.png
40.9437758,-73.99721618220025,school,isolated,2500,1000,school,baseline_global,0000547,neg_0000547.png
40.5355529,-74.8545151,school,isolated,2500,1000,school,baseline_global,0000548,neg_0000548.png
40.943013300000004,-73.95970397998417,school,isolated,2500,1000,school,baseline_global,0000549,neg_0000549.png
29.425106550000002,-98.57364889280238,school,isolated,2500,1000,school,baseline_global,0000550,neg_0000550.png
40.5212758,-74.8490263,school,isolated,2500,1000,school,baseline_global,0000551,neg_0000551.png
40.9376517,-73.98647423086986,school,isolated,2500,1000,school,baseline_global,0000552,neg_0000552.png
29.4307139,-98.57852207718494,school,isolated,2500,1000,school,baseline_global,0000553,neg_0000553.png
40.9321244,-73.98695964284559,school,isolated,2500,1000,school,baseline_global,0000554,neg_0000554.png
40.5423292,-74.86155526467908,school,isolated,2500,1000,school,baseline_global,0000555,neg_0000555.png
29.4421015,-98.57386091113332,school,isolated,2500,1000,school,baseline_global,0000556,neg_0000556.png
29.42127975,-98.57044953131995,school,isolated,2500,1000,school,baseline_global,0000557,neg_0000557.png
40.9294627,-73.96059931908911,school,isolated,2500,1000,school,baseline_global,0000558,neg_0000558.png
35.4869993,-97.60666032511972,school,small_cluster,2500,1000,school,baseline_global,0000559,neg_0000559.png
47.20295025,-122.23514011187719,school,small_cluster,2500,1000,school,baseline_global,0000560,neg_0000560.png
35.4945025,-97.5947629,school,small_cluster,2500,1000,school,baseline_global,0000561,neg_0000561.png
40.065755,-76.3915343,school,small_cluster,2500,1000,school,baseline_global,0000562,neg_0000562.png
39.98935155,-76.6961431229144,school,small_cluster,2500,1000,school,baseline_global,0000563,neg_0000563.png
40.01508805,-76.70192342757429,school,small_cluster,2500,1000,school,baseline_global,0000564,neg_0000564.png
35.4989111,-97.61120871309349,school,small_cluster,2500,1000,school,baseline_global,0000565,neg_0000565.png
35.48867045,-97.62896970058169,school,small_cluster,2500,1000,school,baseline_global,0000566,neg_0000566.png
47.19378965,-122.23589529656874,school,small_cluster,2500,1000,school,baseline_global,0000567,neg_0000567.png
35.4281953,-80.6681243,school,small_cluster,2500,1000,school,baseline_global,0000568,neg_0000568.png
35.408930350000006,-80.66899955129159,school,small_cluster,2500,1000,school,baseline_global,0000569,neg_0000569.png
47.192258249999995,-122.23303594091234,school,small_cluster,2500,1000,school,baseline_global,0000570,neg_0000570.png
40.0053752,-76.7307996,school,small_cluster,2500,1000,school,baseline_global,0000571,neg_0000571.png
47.1944423,-122.23274044719895,school,small_cluster,2500,1000,school,baseline_global,0000572,neg_0000572.png
47.204174300000005,-122.23342169917103,school,small_cluster,2500,1000,school,baseline_global,0000573,neg_0000573.png
35.4991312,-97.6106124,school,small_cluster,2500,1000,school,baseline_global,0000574,neg_0000574.png
35.4378385,-80.63648788268787,school,small_cluster,2500,1000,school,baseline_global,0000575,neg_0000575.png
35.4017832,-80.64480815600464,school,small_cluster,2500,1000,school,baseline_global,0000576,neg_0000576.png
35.48458085,-97.6139248952243,school,small_cluster,2500,1000,school,baseline_global,0000577,neg_0000577.png
35.4044984,-80.67125379371618,school,small_cluster,2500,1000,school,baseline_global,0000578,neg_0000578.png
35.4925574,-97.639486,school,small_cluster,2500,1000,school,baseline_global,0000579,neg_0000579.png
35.48725305,-97.5935705396487,school,small_cluster,2500,1000,school,baseline_global,0000580,neg_0000580.png
35.4886688,-97.6283747,school,small_cluster,2500,1000,school,baseline_global,0000581,neg_0000581.png
40.0646768,-76.3948074,school,small_cluster,2500,1000,school,baseline_global,0000582,neg_0000582.png
41.3011919,-75.7179693,school,small_cluster,2500,1000,school,baseline_global,0000583,neg_0000583.png
40.05584005,-76.36716643293974,school,small_cluster,2500,1000,school,baseline_global,0000584,neg_0000584.png
40.00581015,-76.73043529139082,school,small_cluster,2500,1000,school,baseline_global,0000585,neg_0000585.png
47.20790715,-122.22764765444941,school,small_cluster,2500,1000,school,baseline_global,0000586,neg_0000586.png
47.22589765,-122.27092995840475,school,small_cluster,2500,1000,school,baseline_global,0000587,neg_0000587.png
35.49365335,-97.61451526161753,school,small_cluster,2500,1000,school,baseline_global,0000588,neg_0000588.png
39.7279733,-105.0322914,school,dense_cluster,2500,1000,school,baseline_global,0000589,neg_0000589.png
39.764867,-105.03991489986143,school,dense_cluster,2500,1000,school,baseline_global,0000590,neg_0000590.png
39.7418391,-105.0434214,school,dense_cluster,2500,1000,school,baseline_global,0000591,neg_0000591.png
39.7278465,-104.99581121569021,school,dense_cluster,2500,1000,school,baseline_global,0000592,neg_0000592.png
39.7504972,-105.02483,school,dense_cluster,2500,1000,school,baseline_global,0000593,neg_0000593.png
39.7603788,-105.02182119053003,school,dense_cluster,2500,1000,school,baseline_global,0000594,neg_0000594.png
32.92002145,-96.81978255123308,school,dense_cluster,2500,1000,school,baseline_global,0000595,neg_0000595.png
39.7322383,-104.9914784,school,dense_cluster,2500,1000,school,baseline_global,0000596,neg_0000596.png
32.9417844,-96.84412592737337,school,dense_cluster,2500,1000,school,baseline_global,0000597,neg_0000597.png
39.7597614,-105.0141952,school,dense_cluster,2500,1000,school,baseline_global,0000598,neg_0000598.png
32.921498799999995,-96.82830871590915,school,dense_cluster,2500,1000,school,baseline_global,0000599,neg_0000599.png
32.90760535,-96.82537749459127,school,dense_cluster,2500,1000,school,baseline_global,0000600,neg_0000600.png
32.93463665,-96.84438451697812,school,dense_cluster,2500,1000,school,baseline_global,0000601,neg_0000601.png
39.7415708,-105.0307397795489,school,dense_cluster,2500,1000,school,baseline_global,0000602,neg_0000602.png
39.72689375,-105.03092847833683,school,dense_cluster,2500,1000,school,baseline_global,0000603,neg_0000603.png
32.943009599999996,-96.84237337337589,school,dense_cluster,2500,1000,school,baseline_global,0000604,neg_0000604.png
39.7314998,-104.9984934,school,dense_cluster,2500,1000,school,baseline_global,0000605,neg_0000605.png
39.72489085,-104.9940336501108,school,dense_cluster,2500,1000,school,baseline_global,0000606,neg_0000606.png
39.7614256,-105.0297507,school,dense_cluster,2500,1000,school,baseline_global,0000607,neg_0000607.png
32.912012399999995,-96.85012437587433,school,dense_cluster,2500,1000,school,baseline_global,0000608,neg_0000608.png
39.7553682,-105.0225991,school,dense_cluster,2500,1000,school,baseline_global,0000609,neg_0000609.png
39.754237200000006,-105.03384817503039,school,dense_cluster,2500,1000,school,baseline_global,0000610,neg_0000610.png
39.73213825,-105.04575299819487,school,dense_cluster,2500,1000,school,baseline_global,0000611,neg_0000611.png
39.7341968,-105.02050666782691,school,dense_cluster,2500,1000,school,baseline_global,0000612,neg_0000612.png
32.769342550000005,-97.02219282224331,school,dense_cluster,2500,1000,school,baseline_global,0000613,neg_0000613.png
39.740959950000004,-105.04344017830714,school,dense_cluster,2500,1000,school,baseline_global,0000614,neg_0000614.png
39.7221422,-105.0343361480582,school,dense_cluster,2500,1000,school,baseline_global,0000615,neg_0000615.png
32.941475350000005,-96.84827226171765,school,dense_cluster,2500,1000,school,baseline_global,0000616,neg_0000616.png
32.9168546,-96.83171102155109,school,dense_cluster,2500,1000,school,baseline_global,0000617,neg_0000617.png
39.7302398,-105.02809715000001,school,dense_cluster,2500,1000,school,baseline_global,0000618,neg_0000618.png
29.40397015,-98.60419639819536,park,isolated,2500,1000,park,baseline_global,0000619,neg_0000619.png
47.67258305,-122.12238758596229,park,isolated,2500,1000,park,baseline_global,0000620,neg_0000620.png
29.410250599999998,-98.60848090948456,park,isolated,2500,1000,park,baseline_global,0000621,neg_0000621.png
40.510565099999994,-74.86045274929177,park,isolated,2500,1000,park,baseline_global,0000622,neg_0000622.png
47.690394600000005,-122.10812289655178,park,isolated,2500,1000,park,baseline_global,0000623,neg_0000623.png
47.705505849999994,-122.11350475648963,park,isolated,2500,1000,park,baseline_global,0000624,neg_0000624.png
47.6586619,-122.11110533431864,park,isolated,2500,1000,park,baseline_global,0000625,neg_0000625.png
29.4290454,-98.58834162659312,park,isolated,2500,1000,park,baseline_global,0000626,neg_0000626.png
47.7046099,-122.12218030867945,park,isolated,2500,1000,park,baseline_global,0000627,neg_0000627.png
47.70426745,-122.12765866775936,park,isolated,2500,1000,park,baseline_global,0000628,neg_0000628.png
47.672443349999995,-122.10841354919665,park,isolated,2500,1000,park,baseline_global,0000629,neg_0000629.png
47.704963,-122.11704275064082,park,isolated,2500,1000,park,baseline_global,0000630,neg_0000630.png
47.67325785,-122.12519831684921,park,isolated,2500,1000,park,baseline_global,0000631,neg_0000631.png
40.9245283,-73.9432578,park,isolated,2500,1000,park,baseline_global,0000632,neg_0000632.png
29.4125357,-98.60152459913489,park,isolated,2500,1000,park,baseline_global,0000633,neg_0000633.png
40.90306805,-73.96667811712325,park,isolated,2500,1000,park,baseline_global,0000634,neg_0000634.png
29.42461025,-98.5869074722346,park,isolated,2500,1000,park,baseline_global,0000635,neg_0000635.png
47.66806364999999,-122.1457435957717,park,isolated,2500,1000,park,baseline_global,0000636,neg_0000636.png
47.6888294,-122.11139245,park,isolated,2500,1000,park,baseline_global,0000637,neg_0000637.png
47.70143564999999,-122.1090420772831,park,isolated,2500,1000,park,baseline_global,0000638,neg_0000638.png
47.666141,-122.16278523179824,park,isolated,2500,1000,park,baseline_global,0000639,neg_0000639.png
47.6646793,-122.13894719268293,park,isolated,2500,1000,park,baseline_global,0000640,neg_0000640.png
40.9134323,-73.9748603,park,isolated,2500,1000,park,baseline_global,0000641,neg_0000641.png
47.67672215,-122.15238750807814,park,isolated,2500,1000,park,baseline_global,0000642,neg_0000642.png
47.67583465,-122.15269768074619,park,isolated,2500,1000,park,baseline_global,0000643,neg_0000643.png
47.672177399999995,-122.1259711873656,park,isolated,2500,1000,park,baseline_global,0000644,neg_0000644.png
29.43523545,-98.57538437961611,park,isolated,2500,1000,park,baseline_global,0000645,neg_0000645.png
47.674169000000006,-122.12174692333997,park,isolated,2500,1000,park,baseline_global,0000646,neg_0000646.png
47.705904700000005,-122.13849066895801,park,isolated,2500,1000,park,baseline_global,0000647,neg_0000647.png
47.6770647,-122.12493401515951,park,isolated,2500,1000,park,baseline_global,0000648,neg_0000648.png
47.7060599,-122.15100201439873,park,isolated,2500,1000,park,baseline_global,0000649,neg_0000649.png
47.67120885,-122.12796566344446,park,isolated,2500,1000,park,baseline_global,0000650,neg_0000650.png
40.9051605,-73.9939353252484,park,isolated,2500,1000,park,baseline_global,0000651,neg_0000651.png
47.70435185,-122.11259994664191,park,isolated,2500,1000,park,baseline_global,0000652,neg_0000652.png
40.910354850000004,-73.96776047388761,park,isolated,2500,1000,park,baseline_global,0000653,neg_0000653.png
47.68841375,-122.10650769980143,park,isolated,2500,1000,park,baseline_global,0000654,neg_0000654.png
29.44314515,-98.58383084794716,park,isolated,2500,1000,park,baseline_global,0000655,neg_0000655.png
47.7031293,-122.139316228983,park,isolated,2500,1000,park,baseline_global,0000656,neg_0000656.png
29.4243545,-98.57132003494394,park,isolated,2500,1000,park,baseline_global,0000657,neg_0000657.png
40.9042659,-73.9504151,park,isolated,2500,1000,park,baseline_global,0000658,neg_0000658.png
47.20651485,-122.2251469375461,park,small_cluster,2500,1000,park,baseline_global,0000659,neg_0000659.png
47.231564,-122.21228367245763,park,small_cluster,2500,1000,park,baseline_global,0000660,neg_0000660.png
35.4851612,-97.60043148912519,park,small_cluster,2500,1000,park,baseline_global,0000661,neg_0000661.png
35.4886687,-97.633097,park,small_cluster,2500,1000,park,baseline_global,0000662,neg_0000662.png
40.0257107,-76.70338215339959,park,small_cluster,2500,1000,park,baseline_global,0000663,neg_0000663.png
40.061299,-76.36231197007339,park,small_cluster,2500,1000,park,baseline_global,0000664,neg_0000664.png
40.0324696,-76.4102716,park,small_cluster,2500,1000,park,baseline_global,0000665,neg_0000665.png
47.18542815,-122.21405204148293,park,small_cluster,2500,1000,park,baseline_global,0000666,neg_0000666.png
35.48843235,-97.60660805937479,park,small_cluster,2500,1000,park,baseline_global,0000667,neg_0000667.png
39.99270395,-76.7039139058219,park,small_cluster,2500,1000,park,baseline_global,0000668,neg_0000668.png
35.4109188,-80.67431251476535,park,small_cluster,2500,1000,park,baseline_global,0000669,neg_0000669.png
35.4149336,-80.674032141008,park,small_cluster,2500,1000,park,baseline_global,0000670,neg_0000670.png
47.1857473,-122.24799585955991,park,small_cluster,2500,1000,park,baseline_global,0000671,neg_0000671.png
47.19950025,-122.25664674280623,park,small_cluster,2500,1000,park,baseline_global,0000672,neg_0000672.png
35.40439165,-80.65379337335928,park,small_cluster,2500,1000,park,baseline_global,0000673,neg_0000673.png
47.199213099999994,-122.23785098820922,park,small_cluster,2500,1000,park,baseline_global,0000674,neg_0000674.png
47.19722415,-122.24863366944217,park,small_cluster,2500,1000,park,baseline_global,0000675,neg_0000675.png
35.4045208,-80.65065950387196,park,small_cluster,2500,1000,park,baseline_global,0000676,neg_0000676.png
35.4050964,-80.66027061149268,park,small_cluster,2500,1000,park,baseline_global,0000677,neg_0000677.png
35.4883028,-97.62237295245973,park,small_cluster,2500,1000,park,baseline_global,0000678,neg_0000678.png
35.4416977,-80.63788968062035,park,small_cluster,2500,1000,park,baseline_global,0000679,neg_0000679.png
35.488792950000004,-97.63335158385539,park,small_cluster,2500,1000,park,baseline_global,0000680,neg_0000680.png
40.0703885,-76.36745184348776,park,small_cluster,2500,1000,park,baseline_global,0000681,neg_0000681.png
35.49404255,-97.62888604181686,park,small_cluster,2500,1000,park,baseline_global,0000682,neg_0000682.png
40.069231349999995,-76.37026841531608,park,small_cluster,2500,1000,park,baseline_global,0000683,neg_0000683.png
47.215878450000005,-122.23838079029052,park,small_cluster,2500,1000,park,baseline_global,0000684,neg_0000684.png
40.0346143,-76.38405381697555,park,small_cluster,2500,1000,park,baseline_global,0000685,neg_0000685.png
35.4072667,-80.64695509798989,park,small_cluster,2500,1000,park,baseline_global,0000686,neg_0000686.png
40.0550971,-76.4155181,park,small_cluster,2500,1000,park,baseline_global,0000687,neg_0000687.png
35.4736566,-97.63551189004048,park,small_cluster,2500,1000,park,baseline_global,0000688,neg_0000688.png
32.77121545,-97.02476793557534,park,dense_cluster,2500,1000,park,baseline_global,0000689,neg_0000689.png
39.751014,-105.00520612038581,park,dense_cluster,2500,1000,park,baseline_global,0000690,neg_0000690.png
32.90693695,-96.84621748889145,park,dense_cluster,2500,1000,park,baseline_global,0000691,neg_0000691.png
43.7941685,-79.55202938457062,park,dense_cluster,2500,1000,park,baseline_global,0000692,neg_0000692.png
39.7334587,-105.03811795796086,park,dense_cluster,2500,1000,park,baseline_global,0000693,neg_0000693.png
39.72444965,-105.02347162435606,park,dense_cluster,2500,1000,park,baseline_global,0000694,neg_0000694.png
39.726445749999996,-104.99506081585237,park,dense_cluster,2500,1000,park,baseline_global,0000695,neg_0000695.png
39.75428625,-105.00779416368492,park,dense_cluster,2500,1000,park,baseline_global,0000696,neg_0000696.png
39.753149199999996,-105.01130341611545,park,dense_cluster,2500,1000,park,baseline_global,0000697,neg_0000697.png
39.7618863,-105.00092797460218,park,dense_cluster,2500,1000,park,baseline_global,0000698,neg_0000698.png
39.74644275,-105.00004366041858,park,dense_cluster,2500,1000,park,baseline_global,0000699,neg_0000699.png
39.722814299999996,-104.99603798088035,park,dense_cluster,2500,1000,park,baseline_global,0000700,neg_0000700.png
32.92315935,-96.8458161220583,park,dense_cluster,2500,1000,park,baseline_global,0000701,neg_0000701.png
32.91576685,-96.83422862207564,park,dense_cluster,2500,1000,park,baseline_global,0000702,neg_0000702.png
39.76145515,-104.99712842897304,park,dense_cluster,2500,1000,park,baseline_global,0000703,neg_0000703.png
39.76362055,-105.04974069910813,park,dense_cluster,2500,1000,park,baseline_global,0000704,neg_0000704.png
32.92025305,-96.80775237573741,park,dense_cluster,2500,1000,park,baseline_global,0000705,neg_0000705.png
35.04823695,-89.95173377326267,park,dense_cluster,2500,1000,park,baseline_global,0000706,neg_0000706.png
39.74942085,-104.9940781408411,park,dense_cluster,2500,1000,park,baseline_global,0000707,neg_0000707.png
32.93236725,-96.84435479506762,park,dense_cluster,2500,1000,park,baseline_global,0000708,neg_0000708.png
39.761942700000006,-105.00599392248323,park,dense_cluster,2500,1000,park,baseline_global,0000709,neg_0000709.png
39.7369406,-105.02321482108493,park,dense_cluster,2500,1000,park,baseline_global,0000710,neg_0000710.png
39.7353746,-105.00407802203219,park,dense_cluster,2500,1000,park,baseline_global,0000711,neg_0000711.png
32.935236450000005,-96.84919501717187,park,dense_cluster,2500,1000,park,baseline_global,0000712,neg_0000712.png
39.7273874,-105.02663262176253,park,dense_cluster,2500,1000,park,baseline_global,0000713,neg_0000713.png
39.7581629,-104.99845796922318,park,dense_cluster,2500,1000,park,baseline_global,0000714,neg_0000714.png
39.76586025,-105.0069477335359,park,dense_cluster,2500,1000,park,baseline_global,0000715,neg_0000715.png
32.9447394,-96.84746714061221,park,dense_cluster,2500,1000,park,baseline_global,0000716,neg_0000716.png
39.7500337,-104.9955030885927,park,dense_cluster,2500,1000,park,baseline_global,0000717,neg_0000717.png
39.730683,-105.04215434002188,park,dense_cluster,2500,1000,park,baseline_global,0000718,neg_0000718.png
40.904607,-73.99423182574627,playground,isolated,2500,1000,playground,baseline_global,0000719,neg_0000719.png
47.6621076,-122.1195340407316,playground,isolated,2500,1000,playground,baseline_global,0000720,neg_0000720.png
47.66528755,-122.12089217417127,playground,isolated,2500,1000,playground,baseline_global,0000721,neg_0000721.png
47.6684427,-122.14377312469689,playground,isolated,2500,1000,playground,baseline_global,0000722,neg_0000722.png
47.6824554,-122.1643521,playground,isolated,2500,1000,playground,baseline_global,0000723,neg_0000723.png
42.1266626,-71.45178284783589,playground,isolated,2500,1000,playground,baseline_global,0000724,neg_0000724.png
47.679598049999996,-122.15539165000001,playground,isolated,2500,1000,playground,baseline_global,0000725,neg_0000725.png
47.6705782,-122.1217701,playground,isolated,2500,1000,playground,baseline_global,0000726,neg_0000726.png
29.42314385,-98.57187139999999,playground,isolated,2500,1000,playground,baseline_global,0000727,neg_0000727.png
40.5000448,-74.80598906734026,playground,isolated,2500,1000,playground,baseline_global,0000728,neg_0000728.png
29.4359554,-98.5905843532322,playground,isolated,2500,1000,playground,baseline_global,0000729,neg_0000729.png
40.90427665,-73.99352639602746,playground,isolated,2500,1000,playground,baseline_global,0000730,neg_0000730.png
47.67191715,-122.16565936844512,playground,isolated,2500,1000,playground,baseline_global,0000731,neg_0000731.png
47.68402495,-122.15913449406487,playground,isolated,2500,1000,playground,baseline_global,0000732,neg_0000732.png
47.70145025,-122.10934800894569,playground,isolated,2500,1000,playground,baseline_global,0000733,neg_0000733.png
40.5137802,-74.85877342018853,playground,isolated,2500,1000,playground,baseline_global,0000734,neg_0000734.png
47.70263505,-122.12871602470045,playground,isolated,2500,1000,playground,baseline_global,0000735,neg_0000735.png
40.89827285,-73.9939332,playground,isolated,2500,1000,playground,baseline_global,0000736,neg_0000736.png
29.411947650000002,-98.60047002585335,playground,isolated,2500,1000,playground,baseline_global,0000737,neg_0000737.png
40.91515435,-73.99455223133091,playground,isolated,2500,1000,playground,baseline_global,0000738,neg_0000738.png
47.70430695,-122.12746908869208,playground,isolated,2500,1000,playground,baseline_global,0000739,neg_0000739.png
47.6874499,-122.16842522629003,playground,isolated,2500,1000,playground,baseline_global,0000740,neg_0000740.png
29.4136808,-98.6223250825,playground,isolated,2500,1000,playground,baseline_global,0000741,neg_0000741.png
47.662275699999995,-122.119600618586,playground,isolated,2500,1000,playground,baseline_global,0000742,neg_0000742.png
47.6683553,-122.1698824,playground,isolated,2500,1000,playground,baseline_global,0000743,neg_0000743.png
47.683613050000005,-122.11940805677084,playground,isolated,2500,1000,playground,baseline_global,0000744,neg_0000744.png
29.4220727,-98.57438038368957,playground,isolated,2500,1000,playground,baseline_global,0000745,neg_0000745.png
47.66821245,-122.14742545947868,playground,isolated,2500,1000,playground,baseline_global,0000746,neg_0000746.png
40.9181819,-73.97773447692953,playground,isolated,2500,1000,playground,baseline_global,0000747,neg_0000747.png
29.4363329,-98.57208529763925,playground,isolated,2500,1000,playground,baseline_global,0000748,neg_0000748.png
47.6886017,-122.15656312502904,playground,isolated,2500,1000,playground,baseline_global,0000749,neg_0000749.png
29.413611500000002,-98.61050447342856,playground,isolated,2500,1000,playground,baseline_global,0000750,neg_0000750.png
47.70299445,-122.12239092689782,playground,isolated,2500,1000,playground,baseline_global,0000751,neg_0000751.png
47.66174615,-122.13929959768112,playground,isolated,2500,1000,playground,baseline_global,0000752,neg_0000752.png
40.9045481,-73.99343297018635,playground,isolated,2500,1000,playground,baseline_global,0000753,neg_0000753.png
47.674382949999995,-122.11865245500695,playground,isolated,2500,1000,playground,baseline_global,0000754,neg_0000754.png
29.4132205,-98.5958578,playground,isolated,2500,1000,playground,baseline_global,0000755,neg_0000755.png
47.70357435,-122.13084010119123,playground,isolated,2500,1000,playground,baseline_global,0000756,neg_0000756.png
47.6742464,-122.11864139336282,playground,isolated,2500,1000,playground,baseline_global,0000757,neg_0000757.png
40.929098350000004,-73.97294713237409,playground,isolated,2500,1000,playground,baseline_global,0000758,neg_0000758.png
35.4434443,-80.6361559,playground,small_cluster,2500,1000,playground,baseline_global,0000759,neg_0000759.png
35.44121705,-80.6373051902514,playground,small_cluster,2500,1000,playground,baseline_global,0000760,neg_0000760.png
47.193827150000004,-122.23615079869978,playground,small_cluster,2500,1000,playground,baseline_global,0000761,neg_0000761.png
35.413585499999996,-80.66768171273932,playground,small_cluster,2500,1000,playground,baseline_global,0000762,neg_0000762.png
47.20734005,-122.22637424649943,playground,small_cluster,2500,1000,playground,baseline_global,0000763,neg_0000763.png
47.19974335,-122.21584154405507,playground,small_cluster,2500,1000,playground,baseline_global,0000764,neg_0000764.png
47.2257592,-122.27027315323974,playground,small_cluster,2500,1000,playground,baseline_global,0000765,neg_0000765.png
40.0273805,-76.70166209596889,playground,small_cluster,2500,1000,playground,baseline_global,0000766,neg_0000766.png
47.18737525,-122.26982695325566,playground,small_cluster,2500,1000,playground,baseline_global,0000767,neg_0000767.png
35.41503255,-80.67103955109067,playground,small_cluster,2500,1000,playground,baseline_global,0000768,neg_0000768.png
47.195881150000005,-122.2556876416555,playground,small_cluster,2500,1000,playground,baseline_global,0000769,neg_0000769.png
35.4095677,-80.67357501726863,playground,small_cluster,2500,1000,playground,baseline_global,0000770,neg_0000770.png
47.19386775,-122.22773561058338,playground,small_cluster,2500,1000,playground,baseline_global,0000771,neg_0000771.png
47.19128225,-122.23534842728179,playground,small_cluster,2500,1000,playground,baseline_global,0000772,neg_0000772.png
35.4022016,-80.65801835473232,playground,small_cluster,2500,1000,playground,baseline_global,0000773,neg_0000773.png
35.40649175,-80.68993179906485,playground,small_cluster,2500,1000,playground,baseline_global,0000774,neg_0000774.png
35.40586235,-80.67278637975649,playground,small_cluster,2500,1000,playground,baseline_global,0000775,neg_0000775.png
35.4015258,-80.68839141854362,playground,small_cluster,2500,1000,playground,baseline_global,0000776,neg_0000776.png
47.194577100000004,-122.2374873174133,playground,small_cluster,2500,1000,playground,baseline_global,0000777,neg_0000777.png
35.40520375,-80.665840610726,playground,small_cluster,2500,1000,playground,baseline_global,0000778,neg_0000778.png
47.1978405,-122.22029861595922,playground,small_cluster,2500,1000,playground,baseline_global,0000779,neg_0000779.png
47.20617835,-122.23085519977496,playground,small_cluster,2500,1000,playground,baseline_global,0000780,neg_0000780.png
47.2049605,-122.2247777251896,playground,small_cluster,2500,1000,playground,baseline_global,0000781,neg_0000781.png
47.1922143,-122.23362850822895,playground,small_cluster,2500,1000,playground,baseline_global,0000782,neg_0000782.png
35.40979305,-80.67397578709524,playground,small_cluster,2500,1000,playground,baseline_global,0000783,neg_0000783.png
35.40489075,-80.654962224963,playground,small_cluster,2500,1000,playground,baseline_global,0000784,neg_0000784.png
40.0230914,-76.70444688472868,playground,small_cluster,2500,1000,playground,baseline_global,0000785,neg_0000785.png
40.0228726,-76.70447056363636,playground,small_cluster,2500,1000,playground,baseline_global,0000786,neg_0000786.png
35.4089088,-80.67568795,playground,small_cluster,2500,1000,playground,baseline_global,0000787,neg_0000787.png
40.0271022,-76.70173409280909,playground,small_cluster,2500,1000,playground,baseline_global,0000788,neg_0000788.png
39.7581119,-105.03691759313335,playground,dense_cluster,2500,1000,playground,baseline_global,0000789,neg_0000789.png
32.7865141,-97.0274195,playground,dense_cluster,2500,1000,playground,baseline_global,0000790,neg_0000790.png
39.7342,-105.00378864078341,playground,dense_cluster,2500,1000,playground,baseline_global,0000791,neg_0000791.png
39.72281535,-105.03296822481997,playground,dense_cluster,2500,1000,playground,baseline_global,0000792,neg_0000792.png
32.93442045,-96.81135549999999,playground,dense_cluster,2500,1000,playground,baseline_global,0000793,neg_0000793.png
39.7343515,-105.00075897962328,playground,dense_cluster,2500,1000,playground,baseline_global,0000794,neg_0000794.png
39.7406922,-105.00340109999999,playground,dense_cluster,2500,1000,playground,baseline_global,0000795,neg_0000795.png
39.7591938,-105.04318279353049,playground,dense_cluster,2500,1000,playground,baseline_global,0000796,neg_0000796.png
39.73431155,-105.0009939022122,playground,dense_cluster,2500,1000,playground,baseline_global,0000797,neg_0000797.png
32.9503733,-96.8498802677205,playground,dense_cluster,2500,1000,playground,baseline_global,0000798,neg_0000798.png
39.72997785,-105.02829861795826,playground,dense_cluster,2500,1000,playground,baseline_global,0000799,neg_0000799.png
39.7663936,-105.01536532223622,playground,dense_cluster,2500,1000,playground,baseline_global,0000800,neg_0000800.png
39.75748885,-105.03670065023796,playground,dense_cluster,2500,1000,playground,baseline_global,0000801,neg_0000801.png
39.7405317,-105.0043075021775,playground,dense_cluster,2500,1000,playground,baseline_global,0000802,neg_0000802.png
32.94101985,-96.85546602494344,playground,dense_cluster,2500,1000,playground,baseline_global,0000803,neg_0000803.png
43.8200025,-79.5381269,playground,dense_cluster,2500,1000,playground,baseline_global,0000804,neg_0000804.png
39.764766550000004,-105.03974090875283,playground,dense_cluster,2500,1000,playground,baseline_global,0000805,neg_0000805.png
39.76321765,-105.02726357321791,playground,dense_cluster,2500,1000,playground,baseline_global,0000806,neg_0000806.png
39.757219199999994,-105.03761187880394,playground,dense_cluster,2500,1000,playground,baseline_global,0000807,neg_0000807.png
39.73431855,-105.0205078309744,playground,dense_cluster,2500,1000,playground,baseline_global,0000808,neg_0000808.png
39.73208185,-105.04548605068413,playground,dense_cluster,2500,1000,playground,baseline_global,0000809,neg_0000809.png
39.74128125,-105.04719740008483,playground,dense_cluster,2500,1000,playground,baseline_global,0000810,neg_0000810.png
32.94759415,-96.8473065,playground,dense_cluster,2500,1000,playground,baseline_global,0000811,neg_0000811.png
39.7407625,-105.04387009237024,playground,dense_cluster,2500,1000,playground,baseline_global,0000812,neg_0000812.png
39.76014285,-105.04340300000001,playground,dense_cluster,2500,1000,playground,baseline_global,0000813,neg_0000813.png
39.75868235,-105.017636018238,playground,dense_cluster,2500,1000,playground,baseline_global,0000814,neg_0000814.png
39.740468449999995,-105.00370795694903,playground,dense_cluster,2500,1000,playground,baseline_global,0000815,neg_0000815.png
39.7228031,-105.0285541,playground,dense_cluster,2500,1000,playground,baseline_global,0000816,neg_0000816.png
39.7338505,-105.00089425701613,playground,dense_cluster,2500,1000,playground,baseline_global,0000817,neg_0000817.png
39.7375934,-105.03075872239098,playground,dense_cluster,2500,1000,playground,baseline_global,0000818,neg_0000818.png
40.50070495,-74.84974418393054,sports_centre,isolated,2500,1000,sports_centre,baseline_global,0000819,neg_0000819.png
42.5030426,-92.3316917751836,sports_centre,isolated,2500,1000,sports_centre,baseline_global,0000820,neg_0000820.png
35.97981475,-84.133589,sports_centre,isolated,2500,1000,sports_centre,baseline_global,0000821,neg_0000821.png
40.51989255,-74.86155812171907,sports_centre,isolated,2500,1000,sports_centre,baseline_global,0000822,neg_0000822.png
47.66431235,-122.1114697922423,sports_centre,isolated,2500,1000,sports_centre,baseline_global,0000823,neg_0000823.png
40.9334806,-73.9662629,sports_centre,isolated,2500,1000,sports_centre,baseline_global,0000824,neg_0000824.png
32.4455318,-93.7597109,sports_centre,isolated,2500,1000,sports_centre,baseline_global,0000825,neg_0000825.png
40.53902385,-74.8541564570475,sports_centre,isolated,2500,1000,sports_centre,baseline_global,0000826,neg_0000826.png
29.2099563,-81.0815206,sports_centre,isolated,2500,1000,sports_centre,baseline_global,0000827,neg_0000827.png
35.96638085,-84.12068762160311,sports_centre,isolated,2500,1000,sports_centre,baseline_global,0000828,neg_0000828.png
35.9662976,-84.1206885,sports_centre,isolated,2500,1000,sports_centre,baseline_global,0000829,neg_0000829.png
40.50109275,-74.84267070253198,sports_centre,isolated,2500,1000,sports_centre,baseline_global,0000830,neg_0000830.png
47.6924585,-122.10605000288777,sports_centre,isolated,2500,1000,sports_centre,baseline_global,0000831,neg_0000831.png
42.078217550000005,-71.43451921670224,sports_centre,isolated,2500,1000,sports_centre,baseline_global,0000832,neg_0000832.png
29.4342932,-98.57516333448517,sports_centre,isolated,2500,1000,sports_centre,baseline_global,0000833,neg_0000833.png
52.545121550000005,-0.30310244146756193,sports_centre,isolated,2500,1000,sports_centre,baseline_global,0000834,neg_0000834.png
47.6635768,-122.1049385,sports_centre,isolated,2500,1000,sports_centre,baseline_global,0000835,neg_0000835.png
47.6671099,-122.10463306529758,sports_centre,isolated,2500,1000,sports_centre,baseline_global,0000836,neg_0000836.png
35.980256,-84.13334984278794,sports_centre,isolated,2500,1000,sports_centre,baseline_global,0000837,neg_0000837.png
40.936833050000004,-73.96584448494642,sports_centre,isolated,2500,1000,sports_centre,baseline_global,0000838,neg_0000838.png
38.932227,-77.0325059,sports_centre,small_cluster,2500,1000,sports_centre,baseline_global,0000839,neg_0000839.png
37.980284749999996,-122.31023476954354,sports_centre,small_cluster,2500,1000,sports_centre,baseline_global,0000840,neg_0000840.png
40.043604099999996,-76.36061937315306,sports_centre,small_cluster,2500,1000,sports_centre,baseline_global,0000841,neg_0000841.png
38.9055802,-77.0497576,sports_centre,small_cluster,2500,1000,sports_centre,baseline_global,0000842,neg_0000842.png
47.2029012,-122.2195154,sports_centre,small_cluster,2500,1000,sports_centre,baseline_global,0000843,neg_0000843.png
38.9277591,-77.06063306498238,sports_centre,small_cluster,2500,1000,sports_centre,baseline_global,0000844,neg_0000844.png
38.9243067,-77.0515336,sports_centre,small_cluster,2500,1000,sports_centre,baseline_global,0000845,neg_0000845.png
38.91557515,-77.06631085336807,sports_centre,small_cluster,2500,1000,sports_centre,baseline_global,0000846,neg_0000846.png
38.9221431,-77.07120330190045,sports_centre,small_cluster,2500,1000,sports_centre,baseline_global,0000847,neg_0000847.png
47.200351999999995,-122.21543087965938,sports_centre,small_cluster,2500,1000,sports_centre,baseline_global,0000848,neg_0000848.png
38.9145258,-77.0273707,sports_centre,small_cluster,2500,1000,sports_centre,baseline_global,0000849,neg_0000849.png
37.980328650000004,-122.3108297,sports_centre,small_cluster,2500,1000,sports_centre,baseline_global,0000850,neg_0000850.png
38.9193115,-77.0311985,sports_centre,small_cluster,2500,1000,sports_centre,baseline_global,0000851,neg_0000851.png
40.0686383,-76.4133180567683,sports_centre,small_cluster,2500,1000,sports_centre,baseline_global,0000852,neg_0000852.png
29.784602149999998,-95.25007789917927,sports_centre,small_cluster,2500,1000,sports_centre,baseline_global,0000853,neg_0000853.png
38.92594235,-77.02239876196586,sports_centre,small_cluster,2500,1000,sports_centre,baseline_global,0000854,neg_0000854.png
29.787733,-95.24444275526014,sports_centre,small_cluster,2500,1000,sports_centre,baseline_global,0000855,neg_0000855.png
38.935268199999996,-77.02133075,sports_centre,small_cluster,2500,1000,sports_centre,baseline_global,0000856,neg_0000856.png
38.9074447,-77.05354449738232,sports_centre,small_cluster,2500,1000,sports_centre,baseline_global,0000857,neg_0000857.png
35.40343905,-80.64751468458644,sports_centre,small_cluster,2500,1000,sports_centre,baseline_global,0000858,neg_0000858.png
38.9090868,-77.0179728999878,sports_centre,small_cluster,2500,1000,sports_centre,baseline_global,0000859,neg_0000859.png
47.2167182,-122.2339554,sports_centre,small_cluster,2500,1000,sports_centre,baseline_global,0000860,neg_0000860.png
37.9894299,-122.3280963377635,sports_centre,small_cluster,2500,1000,sports_centre,baseline_global,0000861,neg_0000861.png
35.4028206,-80.64750042399737,sports_centre,small_cluster,2500,1000,sports_centre,baseline_global,0000862,neg_0000862.png
38.9251602,-77.03506169446072,sports_centre,small_cluster,2500,1000,sports_centre,baseline_global,0000863,neg_0000863.png
38.901808,-77.044643,sports_centre,small_cluster,2500,1000,sports_centre,baseline_global,0000864,neg_0000864.png
35.43654025,-80.63786734793398,sports_centre,small_cluster,2500,1000,sports_centre,baseline_global,0000865,neg_0000865.png
38.9263126,-77.02222253856353,sports_centre,small_cluster,2500,1000,sports_centre,baseline_global,0000866,neg_0000866.png
38.938456200000005,-77.07169712690276,sports_centre,small_cluster,2500,1000,sports_centre,baseline_global,0000867,neg_0000867.png
40.0012916,-76.70835938077698,sports_centre,small_cluster,2500,1000,sports_centre,baseline_global,0000868,neg_0000868.png
39.7228749,-105.00873086414373,sports_centre,dense_cluster,2500,1000,sports_centre,baseline_global,0000869,neg_0000869.png
39.741892,-104.993312,sports_centre,dense_cluster,2500,1000,sports_centre,baseline_global,0000870,neg_0000870.png
39.7639616,-105.0255521,sports_centre,dense_cluster,2500,1000,sports_centre,baseline_global,0000871,neg_0000871.png
39.7598638,-105.0176742,sports_centre,dense_cluster,2500,1000,sports_centre,baseline_global,0000872,neg_0000872.png
32.9423851,-96.8451046,sports_centre,dense_cluster,2500,1000,sports_centre,baseline_global,0000873,neg_0000873.png
32.9522395,-96.8335945,sports_centre,dense_cluster,2500,1000,sports_centre,baseline_global,0000874,neg_0000874.png
39.725186199999996,-105.00251319990414,sports_centre,dense_cluster,2500,1000,sports_centre,baseline_global,0000875,neg_0000875.png
39.7307364,-104.9996374,sports_centre,dense_cluster,2500,1000,sports_centre,baseline_global,0000876,neg_0000876.png
32.9391848,-96.84961203059275,sports_centre,dense_cluster,2500,1000,sports_centre,baseline_global,0000877,neg_0000877.png
43.8228047,-79.5406589,sports_centre,dense_cluster,2500,1000,sports_centre,baseline_global,0000878,neg_0000878.png
43.8185888,-79.5290409,sports_centre,dense_cluster,2500,1000,sports_centre,baseline_global,0000879,neg_0000879.png
39.7487699,-104.9965543,sports_centre,dense_cluster,2500,1000,sports_centre,baseline_global,0000880,neg_0000880.png
43.7951304,-79.5422884,sports_centre,dense_cluster,2500,1000,sports_centre,baseline_global,0000881,neg_0000881.png
32.93917315,-96.85244629716945,sports_centre,dense_cluster,2500,1000,sports_centre,baseline_global,0000882,neg_0000882.png
32.9374998,-96.85018601561086,sports_centre,dense_cluster,2500,1000,sports_centre,baseline_global,0000883,neg_0000883.png
39.7540864,-105.0028045,sports_centre,dense_cluster,2500,1000,sports_centre,baseline_global,0000884,neg_0000884.png
43.8210281,-79.4900751,sports_centre,dense_cluster,2500,1000,sports_centre,baseline_global,0000885,neg_0000885.png
43.7999594,-79.5393138,sports_centre,dense_cluster,2500,1000,sports_centre,baseline_global,0000886,neg_0000886.png
39.734759,-105.00445466035839,sports_centre,dense_cluster,2500,1000,sports_centre,baseline_global,0000887,neg_0000887.png
43.7976479,-79.5324969,sports_centre,dense_cluster,2500,1000,sports_centre,baseline_global,0000888,neg_0000888.png
39.7296096,-105.0187555,sports_centre,dense_cluster,2500,1000,sports_centre,baseline_global,0000889,neg_0000889.png
39.73882435,-105.00867564345056,sports_centre,dense_cluster,2500,1000,sports_centre,baseline_global,0000890,neg_0000890.png
39.7532032,-105.0237846,sports_centre,dense_cluster,2500,1000,sports_centre,baseline_global,0000891,neg_0000891.png
39.7598937,-105.0183018,sports_centre,dense_cluster,2500,1000,sports_centre,baseline_global,0000892,neg_0000892.png
39.73638,-105.02312535973583,sports_centre,dense_cluster,2500,1000,sports_centre,baseline_global,0000893,neg_0000893.png
39.7343802,-105.0143784,sports_centre,dense_cluster,2500,1000,sports_centre,baseline_global,0000894,neg_0000894.png
43.79030585,-79.5207234523229,sports_centre,dense_cluster,2500,1000,sports_centre,baseline_global,0000895,neg_0000895.png
32.943252099999995,-96.85144084980604,sports_centre,dense_cluster,2500,1000,sports_centre,baseline_global,0000896,neg_0000896.png
32.936459,-96.85239963118835,sports_centre,dense_cluster,2500,1000,sports_centre,baseline_global,0000897,neg_0000897.png
39.722228799999996,-105.02798959407713,sports_centre,dense_cluster,2500,1000,sports_centre,baseline_global,0000898,neg_0000898.png
