neg_id,src_idx,src_lat,src_lon,neg_lat,neg_lon,offset_m,img_path,img_download_ok,img_status_code,img_content_type,places_http_status,places_status,places_count_topk,poi_topk,map_strong_hits,map_soft_hits,stage1_decision,run_tag
0,170,41.8010206,-88.2937039,41.784003580988575,-88.28057338899626,2179.080805372032,negative_samples_random_offset_1500_5000m_1000/neg_0.jpg,True,200,image/png,200,OK,10,"[""Aurora | locality,political"", ""Baskin-Robbins | bakery,store,food,point_of_interest,establishment"", ""Walgreens | drugstore,convenience_store,clothing_store,store,health,food,point_of_interest,establishment"", ""Mobil | gas_station,point_of_interest,establishment"", ""Cosmos Family Dental, PC | dentist,health,point_of_interest,establishment"", ""Aries \""Jaybird\"" Gonzalez Child Center | primary_school,school,point_of_interest,establishment"", ""Western Union | finance,point_of_interest,establishment"", ""Old Second National Bank | bank,finance,point_of_interest,establishment"", ""Temco | point_of_interest,establishment"", ""McDonald's | cafe,store,restaurant,food,point_of_interest,establishment""]",[],[],keep_after_map,dryrun_100
2,29,33.4237443,-84.15020059999999,33.45367842355089,-84.17429346842451,4002.775690722885,negative_samples_random_offset_1500_5000m_1000/neg_2.jpg,True,200,image/png,200,OK,3,"[""McDonough | locality,political"", ""South of Atlanta, mins from Tanger Outlet, Hospitals, Shopping Eateries. | lodging,point_of_interest,establishment"", ""Chef Dira | restaurant,food,point_of_interest,establishment""]",[],[],keep_after_map,dryrun_100
3,67,41.7203455,-87.5885459,41.74034387520356,-87.61289975606988,2999.8068701870816,negative_samples_random_offset_1500_5000m_1000/neg_3.jpg,True,200,image/png,200,OK,10,"[""Chicago | locality,political"", ""Xerox Corporation | point_of_interest,establishment"", ""Nat King Cole Playground | point_of_interest,establishment"", ""St Mark Credit Union | finance,point_of_interest,establishment"", ""Cole (Nat King) Park | park,tourist_attraction,point_of_interest,establishment"", ""King Drive & 85th Street | transit_station,point_of_interest,establishment"", ""King Drive & 85th Street | transit_station,point_of_interest,establishment"", ""King Drive & 85th Street | transit_station,point_of_interest,establishment"", ""BrickBase Home Inspections | general_contractor,point_of_interest,establishment"", ""Cole (Nat King) Park Basketball Court 2 | point_of_interest,establishment""]",[],[],keep_after_map,dryrun_100
4,135,41.6678167,-93.4991384,41.6928497221287,-93.5229950496456,3410.875329037857,negative_samples_random_offset_1500_5000m_1000/neg_4.jpg,True,200,image/png,200,ZERO_RESULTS,0,[],[],[],keep_after_map,dryrun_100
5,150,42.5460182,-114.4098399,42.550021163922224,-114.37503566172578,2880.6785133188114,negative_samples_random_offset_1500_5000m_1000/neg_5.jpg,True,200,image/png,200,OK,2,"[""Kimberly | locality,political"", ""Western States Cat | car_repair,store,food,point_of_interest,establishment""]",[],[],keep_after_map,dryrun_100
6,241,44.0744955,-87.6726066,44.06466260933296,-87.69376408883723,2009.4829790313968,negative_samples_random_offset_1500_5000m_1000/neg_6.jpg,True,200,image/png,200,OK,2,"[""Manitowoc | locality,political"", ""Right Look Home Inspections | point_of_interest,establishment""]",[],[],keep_after_map,dryrun_100
7,162,34.7278482,-82.38263529999999,34.73533414465704,-82.42171409536077,3660.608422501473,negative_samples_random_offset_1500_5000m_1000/neg_7.jpg,True,200,image/png,200,OK,1,"[""Golden Grove | locality,political""]",[],[],keep_after_map,dryrun_100
8,45,43.5561199,-89.4838588,43.54068947637016,-89.50988688385932,2705.0626093614105,negative_samples_random_offset_1500_5000m_1000/neg_8.jpg,True,200,image/png,200,ZERO_RESULTS,0,[],[],[],keep_after_map,dryrun_100
9,192,33.0060672,-96.6850311,33.02613568935633,-96.68314833639386,2234.486026708006,negative_samples_random_offset_1500_5000m_1000/neg_9.jpg,True,200,image/png,200,OK,10,"[""Plano | locality,political"", ""Plano Mutual Cemetery | cemetery,point_of_interest,establishment"", ""Ted Dickey Funeral Home | funeral_home,point_of_interest,establishment"", ""Nova haus entertainment | point_of_interest,establishment"", ""Crosstown Engineering - Plano | point_of_interest,establishment"", ""Massage and Renew of East Plano | point_of_interest,establishment"", ""Phillips House Bakery | bakery,store,food,point_of_interest,establishment"", ""Jupiter at 18th - S - NS | transit_station,point_of_interest,establishment"", ""Fletcher construction | general_contractor,point_of_interest,establishment"", ""Willow Creek Park | park,tourist_attraction,point_of_interest,establishment""]",[],[],keep_after_map,dryrun_100
10,188,36.7823281,-77.79693499999999,36.81339374986649,-77.83596433178556,4891.831114011919,negative_samples_random_offset_1500_5000m_1000/neg_10.jpg,True,200,image/png,200,ZERO_RESULTS,0,[],[],[],keep_after_map,dryrun_100
11,339,35.715278,-80.89020699999999,35.720792259486906,-80.84186347587405,4399.695900744282,negative_samples_random_offset_1500_5000m_1000/neg_11.jpg,True,200,image/png,200,OK,1,"[""Entire 3BR near Troutman and Statesville | lodging,point_of_interest,establishment""]",[],[],keep_after_map,dryrun_100
12,311,44.2037656,-88.4817772,44.22242982968347,-88.50102016469667,2576.167631333741,negative_samples_random_offset_1500_5000m_1000/neg_12.jpg,True,200,image/png,200,OK,6,"[""Fox Crossing | locality,political"", ""St James Cocktail Lounge | night_club,bar,point_of_interest,establishment"", ""Pioneer Quick Lube and Wash-Neenah 40 | car_wash,car_repair,point_of_interest,establishment"", ""3-br 3 bath 3 miles to Appleton Airport, 15 min to EAA, 29 miles To NFL draft | lodging,point_of_interest,establishment"", ""Homestead Dental | dentist,health,point_of_interest,establishment"", ""Service Pro Quick Lube & Car Wash Service & Lube Center | car_repair,point_of_interest,establishment""]",[],[],keep_after_map,dryrun_100
13,246,33.71661460000001,-117.969072,33.74030058194172,-117.97058464667276,2632.850813499953,negative_samples_random_offset_1500_5000m_1000/neg_13.jpg,True,200,image/png,200,OK,10,"[""Westminster | locality,political"", ""Tensha Hoa Nguyen: Allstate Insurance | insurance_agency,point_of_interest,establishment"", ""Minh Phung | bakery,school,store,point_of_interest,food,establishment"", ""Smart Choice Realty | real_estate_agency,point_of_interest,establishment"", ""AUTO INK | car_repair,point_of_interest,establishment"", ""K & L Glass & Mirror | point_of_interest,establishment"", ""ATM | atm,finance,point_of_interest,establishment"", ""Lyby's General Auto Repair | car_repair,point_of_interest,establishment"", ""Calespana Apartments | point_of_interest,establishment"", ""Orange County Community Service Center | local_government_office,point_of_interest,establishment""]",[],[],keep_after_map,dryrun_100
14,334,42.9153617,-78.68933059999999,42.95749135100381,-78.68328437635401,4702.150245458744,negative_samples_random_offset_1500_5000m_1000/neg_14.jpg,True,200,image/png,200,OK,10,"[""Harris Hill | locality,political"", ""Angry Buffalo @ The Rose Garden | restaurant,bar,point_of_interest,food,establishment"", ""William C Hoock - Financial Advisor, Ameriprise Financial Services, LLC | finance,point_of_interest,establishment"", ""Four Pillar Wealth Advisory Group - Ameriprise Financial Services, LLC | finance,point_of_interest,establishment"", ""Brandon M Harrington - Financial Advisor, Ameriprise Financial Services, LLC | finance,point_of_interest,establishment"", ""Hearing & Speech of WNY | health,point_of_interest,establishment"", ""angrybuffalovolleyball | point_of_interest,establishment"", ""John Baldi - Financial Advisor, Ameriprise Financial Services, LLC | finance,point_of_interest,establishment"", ""Andrew H Radziwon - Financial Advisor, Ameriprise Financial Services, LLC | finance,point_of_interest,establishment"", ""Baczkowski Sheri L MD | doctor,health,point_of_interest,establishment""]",[],[],keep_after_map,dryrun_100
16,191,36.4096621,-86.3728929,36.436646309913854,-86.35165138130353,3545.7299074345165,negative_samples_random_offset_1500_5000m_1000/neg_16.jpg,True,200,image/png,200,ZERO_RESULTS,0,[],[],[],keep_after_map,dryrun_100
17,295,40.3614109,-111.778378,40.37448858160568,-111.74981115332017,2818.694833413296,negative_samples_random_offset_1500_5000m_1000/neg_17.jpg,True,200,image/png,200,OK,10,"[""Pleasant Grove | locality,political"", ""The Church of Jesus Christ of Latter-day Saints | church,place_of_worship,point_of_interest,establishment"", ""Snuck Farm | point_of_interest,establishment"", ""Cozy 2-bedroom apartment in gorgeous Pleasant Grove | lodging,point_of_interest,establishment"", ""Truly Lindsey Photography | point_of_interest,establishment"", ""Rizet Dental | dentist,health,point_of_interest,establishment"", ""Dr. linas M. Leighton, DDS | doctor,health,point_of_interest,establishment"", ""Noyes Studios | point_of_interest,establishment"", ""Roskelley Driving School | point_of_interest,establishment"", ""R.J. Nock Son | painter,general_contractor,point_of_interest,establishment""]",[],[],keep_after_map,dryrun_100
18,175,33.6692974,-83.98140599999999,33.70505879190608,-84.00818269356965,4677.166000059075,negative_samples_random_offset_1500_5000m_1000/neg_18.jpg,True,200,image/png,200,ZERO_RESULTS,0,[],[],[],keep_after_map,dryrun_100
19,148,36.0604781,-79.42560069999999,36.039686902526505,-79.45470581842396,3485.2277288270134,negative_samples_random_offset_1500_5000m_1000/neg_19.jpg,True,200,image/png,200,ZERO_RESULTS,0,[],[],[],keep_after_map,dryrun_100
20,283,27.2604239,-80.4191494,27.29927858464609,-80.42042971833332,4314.719823341689,negative_samples_random_offset_1500_5000m_1000/neg_20.jpg,True,200,image/png,200,OK,4,"[""Port St. Lucie | locality,political"", ""PGA Village POA | point_of_interest,establishment"", ""Rooftop Roofing, Inc | roofing_contractor,point_of_interest,establishment"", ""Island Club | point_of_interest,establishment""]",[],[],keep_after_map,dryrun_100
21,69,36.7060283,-119.7483455,36.671084753726845,-119.78260390023604,4933.446715622269,negative_samples_random_offset_1500_5000m_1000/neg_21.jpg,True,200,image/png,200,OK,3,"[""Edison | neighborhood,political"", ""K & H Family Farms, Llc | point_of_interest,establishment"", ""Tacos de Canasta | restaurant,food,point_of_interest,establishment""]",[],[],keep_after_map,dryrun_100
22,8,40.63396789999999,-74.1212309,40.61004745335471,-74.12585582176966,2683.5988671141326,negative_samples_random_offset_1500_5000m_1000/neg_22.jpg,True,200,image/png,200,OK,10,"[""New York | locality,political"", ""Trade Docs International | point_of_interest,establishment"", ""Clermont Home Improvement & Repair, LLC | plumber,general_contractor,point_of_interest,establishment"", ""Verde & Son Brick Corp | general_contractor,point_of_interest,establishment"", ""Daniel T. Creighton, OD | health,point_of_interest,establishment"", ""Gabor & Marotta LLC | lawyer,point_of_interest,establishment"", ""Fairview Cemetery | cemetery,point_of_interest,establishment"", ""Anny Nail Shop | beauty_salon,point_of_interest,establishment"", ""NY State Builders Inc | general_contractor,point_of_interest,establishment"", ""Rise Constructions Inc: Roofing Services NYC, Waterproofing, Masonry & Brickwork Expert | general_contractor,roofing_contractor,point_of_interest,establishment""]",[],[],keep_after_map,dryrun_100
23,107,46.0237332,-73.4254425,45.983336887541455,-73.43557692553779,4551.515213760894,negative_samples_random_offset_1500_5000m_1000/neg_23.jpg,True,200,image/png,200,ZERO_RESULTS,0,[],[],[],keep_after_map,dryrun_100
24,207,37.0281414,-86.2406364,37.0126211100958,-86.20363066594366,3704.2700526674753,negative_samples_random_offset_1500_5000m_1000/neg_24.jpg,True,200,image/png,200,ZERO_RESULTS,0,[],[],[],keep_after_map,dryrun_100
25,2,32.8584045,-96.6698261,32.85786441825463,-96.72139487763192,4808.726526747707,negative_samples_random_offset_1500_5000m_1000/neg_25.jpg,True,200,image/png,200,OK,5,"[""Dallas | locality,political"", ""Northwest @ Lawther - E - FS | transit_station,point_of_interest,establishment"", ""Northwest @ Goforth - W - NS | transit_station,point_of_interest,establishment"", ""For the Love of the Lake | point_of_interest,establishment"", ""For the Love of the Lake | point_of_interest,establishment""]",[],[],keep_after_map,dryrun_100
26,270,48.1283913,-122.1778173,48.10080872225929,-122.14809260139953,3771.4369543564394,negative_samples_random_offset_1500_5000m_1000/neg_26.jpg,True,200,image/png,200,OK,2,"[""Marysville | locality,political"", ""North Marysville | neighborhood,political""]",[],[],keep_after_map,dryrun_100
28,304,33.4325285,-88.55654779999999,33.459808552697886,-88.54814096122158,3126.621482942988,negative_samples_random_offset_1500_5000m_1000/neg_28.jpg,True,200,image/png,200,ZERO_RESULTS,0,[],[],[],keep_after_map,dryrun_100
29,101,45.398451,-74.045773,45.43390535472685,-74.02408344299042,4283.159440130939,negative_samples_random_offset_1500_5000m_1000/neg_29.jpg,True,200,image/png,200,OK,1,"[""L'Île-Cadieux | locality,political""]",[],[],keep_after_map,dryrun_100
30,231,37.3786557,-79.1621045,37.38625653789015,-79.1296338272003,2985.7615525412257,negative_samples_random_offset_1500_5000m_1000/neg_30.jpg,True,200,image/png,200,OK,8,"[""Lynchburg | locality,political"", ""Greater Brookville Church | church,place_of_worship,point_of_interest,establishment"", ""Florida Ave. & Winston Ridge Rd. (Inbound) | transit_station,point_of_interest,establishment"", ""Florida Ave. & Winston Ridge Rd. (Outbound) | transit_station,point_of_interest,establishment"", ""Jackson Heights Center | local_government_office,point_of_interest,establishment"", ""Florida Ave. (Outbound, First Stop After Food Lion Stop) | transit_station,point_of_interest,establishment"", ""Florida Ave. ( Inbound, First Stop Past Bridge Over Tracks) | transit_station,point_of_interest,establishment"", ""Fairview Heights | neighborhood,political""]",[],[],keep_after_map,dryrun_100
31,89,34.2385744,-118.5770675,34.25134892712407,-118.5656132973814,1765.0553770579795,negative_samples_random_offset_1500_5000m_1000/neg_31.jpg,True,200,image/png,200,OK,10,"[""Los Angeles | locality,political"", ""Robin's Nest Kid-Care | point_of_interest,establishment"", ""Our Community School | school,point_of_interest,establishment"", ""Devonshire Continuation School | school,point_of_interest,establishment"", ""Hatkoff Investments | real_estate_agency,point_of_interest,establishment"", ""A-1 Ascended Senior Care 2 Inc. | health,point_of_interest,establishment"", ""Little Blessings Home Daycare | point_of_interest,establishment"", ""135 - Luxurious Estate Pool & Pool Table | lodging,point_of_interest,establishment"", ""Twin Palms | health,point_of_interest,establishment"", ""Repair Shop Life | point_of_interest,establishment""]",[],[],keep_after_map,dryrun_100
32,278,38.39276359999999,-78.96630739999999,38.41773690625614,-78.9775348034158,2939.092945485094,negative_samples_random_offset_1500_5000m_1000/neg_32.jpg,True,200,image/png,200,ZERO_RESULTS,0,[],[],[],keep_after_map,dryrun_100
33,81,43.12105529999999,-88.19050299999999,43.10538350856199,-88.16799100063025,2520.476760532119,negative_samples_random_offset_1500_5000m_1000/neg_33.jpg,True,200,image/png,200,OK,5,"[""Menomonee Falls | locality,political"", ""Catalyst Coaching Equine & Rider | point_of_interest,establishment"", ""ElConn Farm | point_of_interest,establishment"", ""Aero Park | park,point_of_interest,establishment"", ""Brookfield | locality,political""]",[],[],keep_after_map,dryrun_100
34,209,42.670995,-74.4753668,42.70049721474869,-74.4867736654048,3404.5026825608475,negative_samples_random_offset_1500_5000m_1000/neg_34.jpg,True,200,image/png,200,ZERO_RESULTS,0,[],[],[],keep_after_map,dryrun_100
36,96,38.8228664,-91.0687905,38.81236853703996,-91.04580329655948,2304.257375781161,negative_samples_random_offset_1500_5000m_1000/neg_36.jpg,True,200,image/png,200,OK,1,"[""Wright City | locality,political""]",[],[],keep_after_map,dryrun_100
37,17,42.0518382,-71.3952826,42.04615858286032,-71.4551058780496,4970.884841986982,negative_samples_random_offset_1500_5000m_1000/neg_37.jpg,True,200,image/png,200,OK,2,"[""Franklin | locality,political"", ""Bellingham | locality,political""]",[],[],keep_after_map,dryrun_100
38,34,31.875473,-110.7812044,31.894609484216183,-110.75047952049412,3591.62012372203,negative_samples_random_offset_1500_5000m_1000/neg_38.jpg,True,200,image/png,200,ZERO_RESULTS,0,[],[],[],keep_after_map,dryrun_100
39,295,40.3614109,-111.778378,40.36796826091023,-111.76197497256906,1566.698292931296,negative_samples_random_offset_1500_5000m_1000/neg_39.jpg,True,200,image/png,200,OK,10,"[""Pleasant Grove | locality,political"", ""Spirent Federal Systems Inc | point_of_interest,establishment"", ""Guitar for All Utah | school,point_of_interest,establishment"", ""Chefs Kitchen & Hardy's | furniture_store,home_goods_store,store,point_of_interest,establishment"", ""Shaw Computer Services | point_of_interest,establishment"", ""Crust Club - Pleasant Grove | meal_takeaway,meal_delivery,bakery,store,restaurant,food,point_of_interest,establishment"", ""American National Insurance Company | insurance_agency,finance,point_of_interest,establishment"", ""The Van Law Firm | lawyer,point_of_interest,establishment"", ""Copperhead Performance | car_repair,store,point_of_interest,establishment"", ""Kirk Law | point_of_interest,establishment""]",[],[],keep_after_map,dryrun_100
41,78,41.6760207,-88.0699849,41.67884613548024,-88.02054848370567,4110.642758171292,negative_samples_random_offset_1500_5000m_1000/neg_41.jpg,True,200,image/png,200,ZERO_RESULTS,0,[],[],[],keep_after_map,dryrun_100
42,316,34.10100750000001,-117.5343267,34.09318757199495,-117.50548279729485,2789.628175435049,negative_samples_random_offset_1500_5000m_1000/neg_42.jpg,True,200,image/png,200,OK,2,"[""Joshua Transport Inc | moving_company,point_of_interest,establishment"", ""48forty Solutions | point_of_interest,establishment""]",[],[],keep_after_map,dryrun_100
43,117,46.5291258,-93.7292323,46.50945583441272,-93.67422584211224,4734.18589359108,negative_samples_random_offset_1500_5000m_1000/neg_43.jpg,True,200,image/png,200,ZERO_RESULTS,0,[],[],[],keep_after_map,dryrun_100
44,8,40.63396789999999,-74.1212309,40.64461473429096,-74.09824207859106,2268.62334100439,negative_samples_random_offset_1500_5000m_1000/neg_44.jpg,True,200,image/png,200,OK,10,"[""New York | locality,political"", ""Unitarian Church of Staten Island | place_of_worship,point_of_interest,establishment"", ""Sunrise Office Services Inc. | furniture_store,home_goods_store,store,point_of_interest,establishment"", ""Congregation OM ShalOM | synagogue,place_of_worship,point_of_interest,establishment"", ""InflatablesNY - A Total Jump LLC | point_of_interest,establishment"", ""Nicholas Industries and Construction Services | point_of_interest,establishment"", ""Boss Metal Works | point_of_interest,establishment"", ""Kelley McCarthy Photography | point_of_interest,establishment"", ""Elle Woodworking | general_contractor,point_of_interest,establishment"", ""Dunkin' | bakery,meal_takeaway,cafe,restaurant,food,store,point_of_interest,establishment""]",[],[],keep_after_map,dryrun_100
45,146,34.7668834,-87.8918613,34.78160147026828,-87.9255592763259,3480.0306857386536,negative_samples_random_offset_1500_5000m_1000/neg_45.jpg,True,200,image/png,200,ZERO_RESULTS,0,[],[],[],keep_after_map,dryrun_100
46,338,19.4130337,-99.1633709,19.42665627254401,-99.15211713838634,1916.8979056786425,negative_samples_random_offset_1500_5000m_1000/neg_46.jpg,True,200,image/png,200,OK,10,"[""Mexico City | locality,political"", ""Fritz | bar,restaurant,food,point_of_interest,establishment"", ""Centro Cultural Teatro 1 y 2 | point_of_interest,establishment"", ""Refacciones Bucareli | car_repair,store,point_of_interest,establishment"", ""Asosa Personal | point_of_interest,establishment"", ""KFC | meal_delivery,meal_takeaway,restaurant,food,point_of_interest,establishment"", ""Homex | real_estate_agency,point_of_interest,establishment"", ""AGUILAR MORFÍN S.C. | point_of_interest,establishment"", ""Conasami | point_of_interest,establishment"", ""Gerardo Cuellar Abogados | lawyer,point_of_interest,establishment""]",[],[],keep_after_map,dryrun_100
48,216,30.0022545,-90.0160976,30.02449948373061,-90.00003746913322,2912.087410026641,negative_samples_random_offset_1500_5000m_1000/neg_48.jpg,True,200,image/png,200,OK,10,"[""New Orleans | locality,political"", ""Bug Smashers Exterminators | point_of_interest,establishment"", ""Crescent City Self-Defense Studio | health,point_of_interest,establishment"", ""Lake Forest at Mayo | transit_station,point_of_interest,establishment"", ""Lake Forest at Mayo | transit_station,point_of_interest,establishment"", ""iRevive biz | point_of_interest,establishment"", ""Lake Forest at Mayo | transit_station,point_of_interest,establishment"", ""JumpStart Child Development Center | point_of_interest,establishment"", ""Immaculate New Orleans Home 7 Mi to Frenchmen St! | lodging,point_of_interest,establishment"", ""Empress Tax Solutions | accounting,finance,point_of_interest,establishment""]",[],[],keep_after_map,dryrun_100
49,184,41.4108759,-84.1082382,41.40129777979282,-84.12420831099324,1702.3121178330848,negative_samples_random_offset_1500_5000m_1000/neg_49.jpg,True,200,image/png,200,OK,10,"[""Napoleon | locality,political"", ""Golden LivingCenters - Northcrest | health,point_of_interest,establishment"", ""Loyal Order of Moose | point_of_interest,establishment"", ""Orchards of Northcrest Living & Rehab Center | health,point_of_interest,establishment"", ""Northcrest Rehab and Nursing Center | health,point_of_interest,establishment"", ""UFCW Local 626 | point_of_interest,establishment"", ""Moose Lodge | point_of_interest,establishment"", ""Beauty by Britt | hair_care,point_of_interest,establishment"", ""Michaels Hair Designers | beauty_salon,point_of_interest,establishment"", ""Northcrest Apartments | point_of_interest,establishment""]",[],[],keep_after_map,dryrun_100
50,302,34.4505665,-118.6435186,34.4835522069731,-118.65982946336877,3954.099960053636,negative_samples_random_offset_1500_5000m_1000/neg_50.jpg,True,200,image/png,200,OK,1,"[""Hasley Canyon | locality,political""]",[],[],keep_after_map,dryrun_100
51,220,42.264707,-83.40351,42.23294925754808,-83.37753157448608,4120.721857022893,negative_samples_random_offset_1500_5000m_1000/neg_51.jpg,True,200,image/png,200,OK,2,"[""Romulus | locality,political"", ""Jp Landscaping & More | point_of_interest,establishment""]",[],[],keep_after_map,dryrun_100
52,207,37.0281414,-86.2406364,37.01427128731996,-86.24568200268264,1603.1937935566343,negative_samples_random_offset_1500_5000m_1000/neg_52.jpg,True,200,image/png,200,ZERO_RESULTS,0,[],[],[],keep_after_map,dryrun_100
53,73,46.379695,-72.6643529,46.35367004325416,-72.66905217005487,2911.097228292216,negative_samples_random_offset_1500_5000m_1000/neg_53.jpg,True,200,image/png,200,OK,2,"[""Trois-Rivières | locality,political"", ""Pointe-du-Lac | neighborhood,political""]",[],[],keep_after_map,dryrun_100
54,291,42.5351036,-113.8496899,42.52049842614096,-113.83642784806936,1950.5998270689024,negative_samples_random_offset_1500_5000m_1000/neg_54.jpg,True,200,image/png,200,OK,2,"[""Burley | locality,political"", ""The Church of Jesus Christ of Latter-day Saints | church,place_of_worship,point_of_interest,establishment""]",[],[],keep_after_map,dryrun_100
55,127,42.3769307,-83.2964993,42.402690344798685,-83.32347098410453,3614.84104150378,negative_samples_random_offset_1500_5000m_1000/neg_55.jpg,True,200,image/png,200,OK,7,"[""Livonia | locality,political"", ""Below the Grade Scuba | school,point_of_interest,establishment"", ""webookbest | point_of_interest,establishment"", ""Great Lakes Construction and remodeling llc | general_contractor,home_goods_store,store,point_of_interest,establishment"", ""Detroit tintz & wrapz llc | car_repair,point_of_interest,establishment"", ""CoolEdge HVAC | general_contractor,point_of_interest,establishment"", ""New Design Building Co. Inc. | point_of_interest,establishment""]",[],[],keep_after_map,dryrun_100
58,52,40.2291794,-76.95468079999999,40.2541990966398,-76.93112031496382,3420.423268698514,negative_samples_random_offset_1500_5000m_1000/neg_58.jpg,True,200,image/png,200,OK,5,"[""Camp Hill | locality,political"", ""kayak Launch | point_of_interest,establishment"", ""Audience Align | point_of_interest,establishment"", ""Camp Hill Creek Park | point_of_interest,establishment"", ""Essential Joy Wellness | health,point_of_interest,establishment""]",[],[],keep_after_map,dryrun_100
59,45,43.5561199,-89.4838588,43.57546634086958,-89.51430658547427,3257.3748346772536,negative_samples_random_offset_1500_5000m_1000/neg_59.jpg,True,200,image/png,200,ZERO_RESULTS,0,[],[],[],keep_after_map,dryrun_100
60,349,43.7596634,-79.7003969,43.79148239817731,-79.66922420723242,4326.646412157143,negative_samples_random_offset_1500_5000m_1000/neg_60.jpg,True,200,image/png,200,OK,10,"[""Brampton | locality,political"", ""Priority Wellness | health,point_of_interest,establishment"", ""Real Estate All service | real_estate_agency,point_of_interest,establishment"", ""International Realty Firm | real_estate_agency,point_of_interest,establishment"", ""Smart Path to Healing | point_of_interest,establishment"", ""Family Day Beryl Ford Extended Day & School Age Program | point_of_interest,establishment"", ""Om Infowave | point_of_interest,establishment"", ""66 A Main st Brampton | church,place_of_worship,point_of_interest,establishment"", ""SACREDALE INTERNATIONAL INC. | point_of_interest,establishment"", ""Beryl Ford Public School | school,point_of_interest,establishment""]",[],[],keep_after_map,dryrun_100
61,335,35.4241629,-97.6143803,35.42601784426872,-97.58118101099586,3009.994612298191,negative_samples_random_offset_1500_5000m_1000/neg_61.jpg,True,200,image/png,200,OK,10,"[""Oklahoma City | locality,political"", ""Dollar General | drugstore,convenience_store,grocery_or_supermarket,health,food,store,point_of_interest,establishment"", ""MTZ Construction | general_contractor,point_of_interest,establishment"", ""R7 Surplus Materials | home_goods_store,store,point_of_interest,establishment"", ""RAINIER ARMS | store,point_of_interest,establishment"", ""Del Cid Dental Laboratory LLC | health,point_of_interest,establishment"", ""Macarthur crossing | store,point_of_interest,establishment"", ""Kimie's Store | convenience_store,food,store,point_of_interest,establishment"", ""Dollar general on portland | transit_station,point_of_interest,establishment"", ""Portland House Apartments | point_of_interest,establishment""]",[],[],keep_after_map,dryrun_100
62,311,44.2037656,-88.4817772,44.18725378557664,-88.53592730151104,4682.438012725797,negative_samples_random_offset_1500_5000m_1000/neg_62.jpg,True,200,image/png,200,OK,2,"[""Westridge Golf Course Restaurant and Catering | bar,point_of_interest,establishment"", ""Short Drive to EAA - Spacious 5-bedroom house in brilliant Neenah with WiFi, AC | lodging,point_of_interest,establishment""]",[],[],keep_after_map,dryrun_100
63,120,39.7892497,-105.0755606,39.78645206528646,-105.11948857795402,3759.587244885872,negative_samples_random_offset_1500_5000m_1000/neg_63.jpg,True,200,image/png,200,OK,10,"[""Wheat Ridge | locality,political"", ""Foundation Chevrolet | car_dealer,car_repair,store,point_of_interest,establishment"", ""Skyline Enterprises, Inc. | store,point_of_interest,establishment"", ""Jefferson County Library Foundation | point_of_interest,establishment"", ""Foundation Auto Colorado | car_dealer,finance,store,point_of_interest,establishment"", ""International Paper Co | store,point_of_interest,establishment"", ""Fuel Injector Specialists | car_repair,point_of_interest,establishment"", ""Undercover Systems-Colorado | general_contractor,point_of_interest,establishment"", ""Advanced Electric Solutions Corp | electrician,spa,general_contractor,home_goods_store,store,point_of_interest,establishment"", ""Art Builders Guild | point_of_interest,establishment""]",[],[],keep_after_map,dryrun_100
64,17,42.0518382,-71.3952826,42.073254808157735,-71.38661274209812,2482.321365444401,negative_samples_random_offset_1500_5000m_1000/neg_64.jpg,True,200,image/png,200,OK,5,"[""Franklin | locality,political"", ""Scaramuzzo Building & Remodeling LLC | point_of_interest,establishment"", ""Crossway Church | church,place_of_worship,point_of_interest,establishment"", ""Lisa Scaramuzzo | point_of_interest,establishment"", ""Tuff Tee's | point_of_interest,store,establishment""]",[],[],keep_after_map,dryrun_100
65,165,33.9990915,-117.5493301,33.96396446499674,-117.55103574567202,3902.258877186158,negative_samples_random_offset_1500_5000m_1000/neg_65.jpg,True,200,image/png,200,OK,5,"[""Jurupa Valley | locality,political"", ""KA Advantage | point_of_interest,establishment"", ""Private Suite with Own Kitchen Own Entrance | lodging,point_of_interest,establishment"", ""68th + Moonriver | transit_station,point_of_interest,establishment"", ""Eastvale | locality,political""]",[],[],keep_after_map,dryrun_100
66,281,34.4894897,-117.286929,34.45217835337372,-117.2767579135208,4244.812655836933,negative_samples_random_offset_1500_5000m_1000/neg_66.jpg,True,200,image/png,200,OK,10,"[""Hesperia | locality,political"", ""Royalty Limousine Services Inc | point_of_interest,establishment"", ""Caliber Collision | car_repair,point_of_interest,establishment"", ""Torres Glass Co | point_of_interest,establishment"", ""World of Colors | home_goods_store,store,point_of_interest,establishment"", ""Green Valley Landscape Development Inc. | general_contractor,point_of_interest,establishment"", ""Jr's Tires | car_repair,store,point_of_interest,establishment"", ""Go Green Recycling #2 | point_of_interest,establishment"", ""Tops N Barricades | point_of_interest,establishment"", ""Just Go Automotive | car_dealer,car_repair,store,point_of_interest,establishment""]",[],[],keep_after_map,dryrun_100
67,46,34.1365345,-83.9490982,34.13522541247397,-83.96754638973353,1701.1447436449766,negative_samples_random_offset_1500_5000m_1000/neg_67.jpg,True,200,image/png,200,OK,10,"[""Buford | locality,political"", ""Theragenics Corporation | store,health,point_of_interest,establishment"", ""Stovall and Company, Inc. | point_of_interest,establishment"", ""Classic Window Coverings | store,point_of_interest,establishment"", ""Pruitt Heating & Air, Inc. | general_contractor,store,point_of_interest,establishment"", ""Pinnacle Custom Signs | store,point_of_interest,establishment"", ""Savage Jerky Co | point_of_interest,establishment"", ""Resthaven Baptist Church | church,place_of_worship,point_of_interest,establishment"", ""Heritage Printing | point_of_interest,establishment"", ""Paramount Design Studio | point_of_interest,establishment""]",[],[],keep_after_map,dryrun_100
68,245,40.1400609,-88.235011,40.11642521710425,-88.2263888832218,2723.6683482358567,negative_samples_random_offset_1500_5000m_1000/neg_68.jpg,True,200,image/png,200,OK,10,"[""Champaign | locality,political"", ""Hampton Inn Champaign/Urbana | lodging,point_of_interest,establishment"", ""Dr. Aarti J. Raut, MD | doctor,health,point_of_interest,establishment"", ""Coordinated Science Laboratory | university,point_of_interest,establishment"", ""Beckman Institute | university,point_of_interest,establishment"", ""OSF Sacred Heart Medical Center - Urbana | hospital,health,point_of_interest,establishment"", ""Durst Cycle and Fitness | bicycle_store,store,point_of_interest,establishment"", ""Reddy Chittaranja MD | doctor,health,point_of_interest,establishment"", ""Retina Consultants-Central | doctor,health,point_of_interest,establishment"", ""Orthopedic Partners | doctor,health,point_of_interest,establishment""]",[],[],keep_after_map,dryrun_100
69,96,38.8228664,-91.0687905,38.810689375699255,-91.12329205424383,4903.208990990075,negative_samples_random_offset_1500_5000m_1000/neg_69.jpg,True,200,image/png,200,OK,9,"[""Truesdale | locality,political"", ""Oldcastle Building Envelope | point_of_interest,establishment"", ""Mercy's Hope | point_of_interest,establishment"", ""C&S metalworks | point_of_interest,establishment"", ""The Curly Willow | store,point_of_interest,establishment"", ""Artur Express Inc Truesdale Lot | parking,point_of_interest,establishment"", ""Countryside Mobile Home Park | rv_park,lodging,point_of_interest,establishment"", ""The Curly Willow | general_contractor,point_of_interest,establishment"", ""WCSW | point_of_interest,establishment""]",[],[],keep_after_map,dryrun_100
70,183,41.983797,-88.1239902,41.95960000700939,-88.11501246457914,2786.143089071793,negative_samples_random_offset_1500_5000m_1000/neg_70.jpg,True,200,image/png,200,OK,2,"[""Bloomingdale | locality,political"", ""Keeneyville | neighborhood,political""]",[],[],keep_after_map,dryrun_100
71,67,41.7203455,-87.5885459,41.72572681675712,-87.6327975201201,3714.614697740845,negative_samples_random_offset_1500_5000m_1000/neg_71.jpg,True,200,image/png,200,OK,10,"[""Chicago | locality,political"", ""Robichaux Park | tourist_attraction,park,point_of_interest,establishment"", ""Ivy Park Homes | point_of_interest,establishment"", ""Turner-Drew Language Academy | school,point_of_interest,establishment"", ""Robichaux Park Fieldhouse | point_of_interest,establishment"", ""Robichaux Park Basketball Courts | point_of_interest,establishment"", ""Divvy | point_of_interest,establishment"", ""Robichaux Park Playground | point_of_interest,establishment"", ""Saint Matthew-Gordon African Methodist Episcopal Zion Church | church,place_of_worship,point_of_interest,establishment"", ""Forever in love LLC | food,point_of_interest,establishment""]",[],[],keep_after_map,dryrun_100
72,36,39.3934659,-84.22569720000001,39.38191261131874,-84.251490159789,2557.34241701784,negative_samples_random_offset_1500_5000m_1000/neg_72.jpg,True,200,image/png,200,OK,10,"[""Lebanon | locality,political"", ""Miami Woodworking Inc | general_contractor,furniture_store,home_goods_store,store,point_of_interest,establishment"", ""Star Packaging & Distribution | point_of_interest,establishment"", ""Ohio Valley Environ Engrg Services | point_of_interest,establishment"", ""Fayetteville-Perry Twp Sewer | local_government_office,point_of_interest,establishment"", ""Franklin Brazing & Metal Treating | point_of_interest,establishment"", ""Conger Construction Group | general_contractor,point_of_interest,establishment"", ""Doran Enterprises Inc | point_of_interest,establishment"", ""Precision Site Development | general_contractor,point_of_interest,establishment"", ""Contemporary Image Labeling | art_gallery,point_of_interest,establishment""]",[],[],keep_after_map,dryrun_100
73,168,40.8015352,-74.1422572,40.77267315890478,-74.11195663916615,4092.1475026583175,negative_samples_random_offset_1500_5000m_1000/neg_73.jpg,True,200,image/png,200,OK,1,"[""Kearny | locality,political""]",[],[],keep_after_map,dryrun_100
74,157,36.1784015,-95.8796411,36.15996845978819,-95.84304227176732,3865.133588442372,negative_samples_random_offset_1500_5000m_1000/neg_74.jpg,True,200,image/png,200,OK,10,"[""Tulsa | locality,political"", ""MATHESON | store,health,point_of_interest,establishment"", ""Aeon Gas Measurement LLC | point_of_interest,establishment"", ""Mid-America Pipeline | general_contractor,point_of_interest,establishment"", ""Resurrection Cycles LLC. | car_repair,point_of_interest,establishment"", ""Aspen Manufactured Homes | general_contractor,point_of_interest,establishment"", ""No Place Sports Bar | bar,point_of_interest,establishment"", ""Lifeway Homes | car_dealer,general_contractor,store,point_of_interest,establishment"", ""Asphalt Transport Inc | moving_company,point_of_interest,establishment"", ""(7928) Admiral Pl & 121st E Ave EB | bus_station,transit_station,point_of_interest,establishment""]",[],[],keep_after_map,dryrun_100
75,213,41.2937671,-81.4276821,41.32948500770661,-81.46259741412896,4919.123815050998,negative_samples_random_offset_1500_5000m_1000/neg_75.jpg,True,200,image/png,200,OK,10,"[""Twinsburg | locality,political"", ""Paul Mitchell The School Cleveland | spa,hair_care,beauty_salon,point_of_interest,establishment"", ""China Moon | meal_delivery,restaurant,food,point_of_interest,establishment"", ""The Original Steaks and Hoagies - Twinsburg | restaurant,food,point_of_interest,establishment"", ""Hair Paul Mitchell Hair | beauty_salon,point_of_interest,establishment"", ""Armadillo Cleaners | laundry,point_of_interest,establishment"", ""OK, Inc. | point_of_interest,establishment"", ""Goodwill Industries | store,point_of_interest,establishment"", ""Creative Early Learning Center Child Care & Preschool | school,point_of_interest,establishment"", ""Quest Financial & Insurance Services | insurance_agency,point_of_interest,establishment""]",[],[],keep_after_map,dryrun_100
76,39,26.629639,-81.87228100000002,26.613640797517967,-81.91145204539137,4273.21777860252,negative_samples_random_offset_1500_5000m_1000/neg_76.jpg,True,200,image/png,200,OK,2,"[""Cape Coral | locality,political"", ""Fort Myers | locality,political""]",[],[],keep_after_map,dryrun_100
77,149,32.9164475,-97.0834616,32.906173842520154,-97.1267699459224,4193.526137829865,negative_samples_random_offset_1500_5000m_1000/neg_77.jpg,True,200,image/png,200,OK,6,"[""Grapevine | locality,political"", ""Glenhope Elementary School | primary_school,school,point_of_interest,establishment"", ""SD Leather Goods | point_of_interest,establishment"", ""Jetsetting Ginny Travel Co | travel_agency,point_of_interest,establishment"", ""Albritton | dentist,health,point_of_interest,establishment"", ""Colleyville | locality,political""]",[],[],keep_after_map,dryrun_100
78,307,46.7535359,-92.0968223,46.746837158892426,-92.1240611127003,2200.926847327881,negative_samples_random_offset_1500_5000m_1000/neg_78.jpg,True,200,image/png,200,OK,2,"[""Duluth | locality,political"", ""Superior | locality,political""]",[],[],keep_after_map,dryrun_100
79,278,38.39276359999999,-78.96630739999999,38.37313439043167,-78.99175136410427,3106.016762024403,negative_samples_random_offset_1500_5000m_1000/neg_79.jpg,True,200,image/png,200,ZERO_RESULTS,0,[],[],[],keep_after_map,dryrun_100
80,186,34.0895697,-83.9865396,34.12538385864147,-84.01245439212639,4634.508065451533,negative_samples_random_offset_1500_5000m_1000/neg_80.jpg,True,200,image/png,200,OK,3,"[""Buford | locality,political"", ""Hyper Sport Engineering-Lotus | point_of_interest,establishment"", ""Silver Sheet Enterprises Inc | general_contractor,point_of_interest,establishment""]",[],[],keep_after_map,dryrun_100
81,60,32.1705144,-81.270847,32.18640866912924,-81.2483900715298,2750.408818170823,negative_samples_random_offset_1500_5000m_1000/neg_81.jpg,True,200,image/png,200,OK,5,"[""Savannah | locality,political"", ""Room with private bathroom for rent for long periods. | lodging,point_of_interest,establishment"", ""Charming home with pool, patio, dog-friendly space near the beach | lodging,point_of_interest,establishment"", ""Maxs Way & Co LLC | point_of_interest,establishment"", ""Killian's Final Touch | point_of_interest,establishment""]",[],[],keep_after_map,dryrun_100
83,333,31.165387,-90.449001,31.14210808833324,-90.42529607944078,3427.2560057298715,negative_samples_random_offset_1500_5000m_1000/neg_83.jpg,True,200,image/png,200,ZERO_RESULTS,0,[],[],[],keep_after_map,dryrun_100
84,311,44.2037656,-88.4817772,44.18516112768792,-88.43095652685791,4540.679239993353,negative_samples_random_offset_1500_5000m_1000/neg_84.jpg,True,200,image/png,200,ZERO_RESULTS,0,[],[],[],keep_after_map,dryrun_100
85,337,42.1118178,-71.2346069,42.14423659052405,-71.2719508662758,4733.395637612608,negative_samples_random_offset_1500_5000m_1000/neg_85.jpg,True,200,image/png,200,OK,1,"[""Walpole | locality,political""]",[],[],keep_after_map,dryrun_100
86,170,41.8010206,-88.2937039,41.81229345855577,-88.3090232746079,1781.177367130867,negative_samples_random_offset_1500_5000m_1000/neg_86.jpg,True,200,image/png,200,OK,4,"[""North Aurora | locality,political"", ""Pine Creek Park | park,point_of_interest,establishment"", ""Abbas Rizvi's Photography | point_of_interest,establishment"", ""Chicago 360 Booth LLC | point_of_interest,establishment""]",[],[],keep_after_map,dryrun_100
87,302,34.4505665,-118.6435186,34.44290784666569,-118.66479464776364,2124.905951202644,negative_samples_random_offset_1500_5000m_1000/neg_87.jpg,True,200,image/png,200,OK,1,"[""Val Verde | locality,political""]",[],[],keep_after_map,dryrun_100
88,66,41.355337,-81.4548088,41.34887783747256,-81.47824841858946,2080.4240676544323,negative_samples_random_offset_1500_5000m_1000/neg_88.jpg,True,200,image/png,200,OK,3,"[""Twinsburg | locality,political"", ""HavilahTech LLC | point_of_interest,establishment"", ""Glenwillow | locality,political""]",[],[],keep_after_map,dryrun_100
89,246,33.71661460000001,-117.969072,33.70097073086879,-117.95576476555853,2127.179565349067,negative_samples_random_offset_1500_5000m_1000/neg_89.jpg,True,200,image/png,200,OK,10,"[""Fountain Valley | locality,political"", ""MemorialCare Orange Coast Medical Center | doctor,health,point_of_interest,establishment"", ""Work Main Edinger Medical Group | doctor,health,point_of_interest,establishment"", ""Dr. Sanjiv M. Patel, MD | doctor,health,point_of_interest,establishment"", ""Podolsky Anatol MD | doctor,health,point_of_interest,establishment"", ""Sirus Farivar, MD | United Gastroenterologists | doctor,health,point_of_interest,establishment"", ""Minal Mehta, MD | doctor,health,point_of_interest,establishment"", ""Orange County Brain & Spine Group | doctor,health,point_of_interest,establishment"", ""Socal Urology | health,point_of_interest,establishment"", ""OrangeCoast OBGYN | health,point_of_interest,establishment""]",[],[],keep_after_map,dryrun_100
90,66,41.355337,-81.4548088,41.35355919435855,-81.41287974699969,3499.0777436847984,negative_samples_random_offset_1500_5000m_1000/neg_90.jpg,True,200,image/png,200,OK,1,"[""Solon | locality,political""]",[],[],keep_after_map,dryrun_100
91,255,38.8721859,-76.84806069999999,38.85746974337698,-76.86769175748698,2355.0771394037665,negative_samples_random_offset_1500_5000m_1000/neg_91.jpg,True,200,image/png,200,OK,3,"[""Forestville | locality,political"", ""Queen Electric | electrician,point_of_interest,establishment"", ""Kingdom Hall of Jehovah’s Witnesses | church,place_of_worship,point_of_interest,establishment""]",[],[],keep_after_map,dryrun_100
92,119,34.132546,-117.9305753,34.1584199183248,-117.92789737995176,2882.525062012729,negative_samples_random_offset_1500_5000m_1000/neg_92.jpg,True,200,image/png,200,OK,1,"[""Azusa | locality,political""]",[],[],keep_after_map,dryrun_100
94,216,30.0022545,-90.0160976,30.034142986158944,-90.0319451994153,3853.517790207697,negative_samples_random_offset_1500_5000m_1000/neg_94.jpg,True,200,image/png,200,OK,4,"[""New Orleans | locality,political"", ""Airport Fuel Farm | point_of_interest,establishment"", ""Catholic Charities | point_of_interest,establishment"", ""New Orleans East Area | neighborhood,political""]",[],[],keep_after_map,dryrun_100
95,37,40.0728186,-74.22838899999999,40.08123308794407,-74.24626799545126,1782.878129019248,negative_samples_random_offset_1500_5000m_1000/neg_95.jpg,True,200,image/png,200,OK,2,"[""Lakewood | locality,political"", ""Cong. Nivei Shaanon | synagogue,place_of_worship,point_of_interest,establishment""]",[],[],keep_after_map,dryrun_100
96,344,29.3178781,-98.6212213,29.320910429608965,-98.63874935338848,1729.4822148655524,negative_samples_random_offset_1500_5000m_1000/neg_96.jpg,True,200,image/png,200,OK,2,"[""San Antonio | locality,political"", ""South Side | neighborhood,political""]",[],[],keep_after_map,dryrun_100
97,154,44.0527905,-91.6313246,44.04558657641604,-91.68262049109764,4169.557675721277,negative_samples_random_offset_1500_5000m_1000/neg_97.jpg,True,200,image/png,200,OK,3,"[""Winona | locality,political"", ""Melanie Anderson Photography | point_of_interest,establishment"", ""Classroom Con Corazon | store,point_of_interest,establishment""]",[],[],keep_after_map,dryrun_100
98,241,44.0744955,-87.6726066,44.06744626111898,-87.7030353355828,2549.618114831397,negative_samples_random_offset_1500_5000m_1000/neg_98.jpg,True,200,image/png,200,OK,4,"[""Manitowoc | locality,political"", ""AMC CLASSIC Manitowoc 10 | movie_theater,point_of_interest,establishment"", ""Lakeland Landscape Inc | general_contractor,point_of_interest,establishment"", ""After Hours Auto Repair | car_repair,point_of_interest,establishment""]",[],[],keep_after_map,dryrun_100
99,210,32.8440623,-97.3191386,32.86050219854942,-97.29351201253378,3006.88847414848,negative_samples_random_offset_1500_5000m_1000/neg_99.jpg,True,200,image/png,200,OK,10,"[""Fort Worth | locality,political"", ""Albertsons | grocery_or_supermarket,florist,supermarket,bakery,food,point_of_interest,store,establishment"", ""Los Molcajetes | restaurant,food,point_of_interest,establishment"", ""Automation Personnel Services - Fort Worth | point_of_interest,establishment"", ""Wild Sushi & Ramen | meal_takeaway,restaurant,food,point_of_interest,establishment"", ""Boopa's Bagel Deli | meal_delivery,bakery,meal_takeaway,restaurant,food,point_of_interest,store,establishment"", ""AlphaGraphics | point_of_interest,store,establishment"", ""Inspire Destination Marketing | point_of_interest,establishment"", ""FlyLock | locksmith,point_of_interest,store,establishment"", ""Light of Life International | point_of_interest,establishment""]",[],[],keep_after_map,dryrun_100
