landuse,name,lat,lon,city_found,sample_method,operator,parking,surface,addr:city,addr:housenumber,addr:postcode,addr:state,addr:street,email,phone,product,website,source,brand,brand:wikidata,office,place,building,shop,fixme,addr:country,LandPro08:DE3,LandPro08:LC_NAME,LandPro08:LU_NAME,LandPro08:reviewed,amenity,access,fee,leisure,wikidata,description,internet_access,opening_hours,religion,start_date,tourism,wikipedia,ele,gnis:feature_id,air_conditioning,bar,branch,designation,fax,internet_access:fee,rooms,smoking,wheelchair,cuisine,ref:vcgi:esiteid,operator:wikidata,waste,check_date,disused:amenity,disused:name,takeaway,sport,drive_through,guest_house,note,communication:mobile_phone,man_made,owner,tower:construction,tower:type,trade,boundary,addr:housename
commercial,Tucson Quarter Midget Association Track,32.3874726,-111.1181012,Marana,city,,,,,,,,,,,,,,,,,,,,,,,,,,,,,,,,,,,,,,,,,,,,,,,,,,,,,,,,,,,,,,,,,,,,
commercial,MUSD Busyard,32.4495729,-111.2039142,Marana,city,Marana Unified,surface,asphalt,,,,,,,,,,,,,,,,,,,,,,,,,,,,,,,,,,,,,,,,,,,,,,,,,,,,,,,,,,,,,,,,,
commercial,,32.4492526,-111.2018394,Marana,city,,,,,,,,,,,,,,,,,,,,,,,,,,,,,,,,,,,,,,,,,,,,,,,,,,,,,,,,,,,,,,,,,,,,
commercial,White Farms,32.4713602,-111.2650086,Marana,city,,,,,,,,,,,,,,,,,,,,,,,,,,,,,,,,,,,,,,,,,,,,,,,,,,,,,,,,,,,,,,,,,,,,
commercial,Marana Stockyards & Livestock Market,32.4741327,-111.2664015,Marana,city,,,,Marana,14075,85653,AZ,West Kirby Hughes Road,office@MaranaStockyards.com,+1-520-682-4400,cattle,https://www.maranastockyards.com/,,,,,,,,,,,,,,,,,,,,,,,,,,,,,,,,,,,,,,,,,,,,,,,,,,,,,,,,
commercial,Innovation Corporate Center,32.4325952,-110.9453562,Oro Valley,city,,,,,,,,,,,,https://www.innovationparkaz.com/,Bing,,,,,,,,,,,,,,,,,,,,,,,,,,,,,,,,,,,,,,,,,,,,,,,,,,,,,,,
commercial,Ventana Medical Systems Inc.,32.4376295,-110.9436535,Oro Valley,city,,,,,,,,,,,,,,,,,,,,,,,,,,,,,,,,,,,,,,,,,,,,,,,,,,,,,,,,,,,,,,,,,,,,
commercial,Vistoso Commerce Plaza,32.4447168,-110.9354674,Oro Valley,city,,,,,,,,,,,,,Bing,,,,,,,,,,,,,,,,,,,,,,,,,,,,,,,,,,,,,,,,,,,,,,,,,,,,,,,
commercial,,32.4446842,-110.9367286,Oro Valley,city,,,,,,,,,,,,,Bing,,,,,,,,,,,,,,,,,,,,,,,,,,,,,,,,,,,,,,,,,,,,,,,,,,,,,,,
commercial,,32.4039936,-110.9475096,Oro Valley,city,,,,,,,,,,,,,,,,,,,,,,,,,,,,,,,,,,,,,,,,,,,,,,,,,,,,,,,,,,,,,,,,,,,,
commercial,,33.5491795,-111.9155986,Scottsdale,city,,,,,,,,,,,,,,,,,,,,,,,,,,,,,,,,,,,,,,,,,,,,,,,,,,,,,,,,,,,,,,,,,,,,
commercial,Aquila at McDowell Mountain,33.639336,-111.8675566,Scottsdale,city,,,,,,,,,,,,,,,,,,,,,,,,,,,,,,,,,,,,,,,,,,,,,,,,,,,,,,,,,,,,,,,,,,,,
commercial,McDowell Mountain Business Park,33.6366331,-111.8841118,Scottsdale,city,,,,,,,,,,,,,,,,,,,,,,,,,,,,,,,,,,,,,,,,,,,,,,,,,,,,,,,,,,,,,,,,,,,,
commercial,,33.6992097,-111.8919015,Scottsdale,city,,,,,,,,,,,,,,,,,,,,,,,,,,,,,,,,,,,,,,,,,,,,,,,,,,,,,,,,,,,,,,,,,,,,
commercial,,33.4954631,-111.905539,Scottsdale,city,,,,,,,,,,,,,,,,,,,,,,,,,,,,,,,,,,,,,,,,,,,,,,,,,,,,,,,,,,,,,,,,,,,,
commercial,,31.5410136,-110.7524723,Patagonia,city,,,,,,,,,,,,,,,,,,,,,,,,,,,,,,,,,,,,,,,,,,,,,,,,,,,,,,,,,,,,,,,,,,,,
commercial,,31.5387926,-110.7553209,Patagonia,city,,,,,,,,,,,,,,,,,,,,,,,,,,,,,,,,,,,,,,,,,,,,,,,,,,,,,,,,,,,,,,,,,,,,
commercial,Allstate,39.5843096,-104.862551,STATE_WIDE,fallback,,,,,,,,,,,,,,Allstate,Q2645636,insurance,,,,,,,,,,,,,,,,,,,,,,,,,,,,,,,,,,,,,,,,,,,,,,,,,,,,
commercial,McAfee,39.5836212,-104.8631658,STATE_WIDE,fallback,,,,,,,,,,,,,,,,yes,,,,,,,,,,,,,,,,,,,,,,,,,,,,,,,,,,,,,,,,,,,,,,,,,,,,
commercial,Radiology Imaging Associates P. C.,39.5834791,-104.8635974,STATE_WIDE,fallback,,,,,,,,,,,,,,,,yes,,,,,,,,,,,,,,,,,,,,,,,,,,,,,,,,,,,,,,,,,,,,,,,,,,,,
commercial,S. E. Metro Stormwater Authority,39.5792849,-104.858911,STATE_WIDE,fallback,,,,,,,,,,,,,,,,,,,,,,,,,,,,,,,,,,,,,,,,,,,,,,,,,,,,,,,,,,,,,,,,,,,,
commercial,closet factory,39.5622057,-104.8210064,STATE_WIDE,fallback,,,,,,,,,,,,,,,,yes,,,,,,,,,,,,,,,,,,,,,,,,,,,,,,,,,,,,,,,,,,,,,,,,,,,,
commercial,Town Center at Brookhill,39.8615889,-105.0809892,STATE_WIDE,fallback,,,,,,,,,,,,,,,,,,,,,,,,,,,,,,,,,,,,,,,,,,,,,,,,,,,,,,,,,,,,,,,,,,,,
commercial,Bentcross Shops,39.8641238,-105.0835076,STATE_WIDE,fallback,,,,,,,,,,,,,,,,,,,,,,,,,,,,,,,,,,,,,,,,,,,,,,,,,,,,,,,,,,,,,,,,,,,,
commercial,Frost Livestock Co.,38.5788848,-104.6378944,STATE_WIDE,fallback,,,,,,,,,,,,,,,,,farm,,,,,,,,,,,,,,,,,,,,,,,,,,,,,,,,,,,,,,,,,,,,,,,,,,,
commercial,,39.5683321,-104.9214173,STATE_WIDE,fallback,,,,,,,,,,,,,,,,,,yes,,,,,,,,,,,,,,,,,,,,,,,,,,,,,,,,,,,,,,,,,,,,,,,,,,
commercial,,39.5665258,-104.9216122,STATE_WIDE,fallback,,,,,,,,,,,,,,,,,,yes,,,,,,,,,,,,,,,,,,,,,,,,,,,,,,,,,,,,,,,,,,,,,,,,,,
commercial,First Bank,39.5664899,-104.9223444,STATE_WIDE,fallback,,,,Centennial,8280,80122,,South Holly Street,,,,,,,,,,yes,,,,,,,,,,,,,,,,,,,,,,,,,,,,,,,,,,,,,,,,,,,,,,,,,,
commercial,,39.5673051,-104.9261504,STATE_WIDE,fallback,,,,,,,,,,,,,,,,,,yes,,,,,,,,,,,,,,,,,,,,,,,,,,,,,,,,,,,,,,,,,,,,,,,,,,
commercial,,39.5673018,-104.9259658,STATE_WIDE,fallback,,,,,,,,,,,,,,,,,,yes,,,,,,,,,,,,,,,,,,,,,,,,,,,,,,,,,,,,,,,,,,,,,,,,,,
commercial,,39.5672852,-104.925777,STATE_WIDE,fallback,,,,,,,,,,,,,,,,,,yes,,,,,,,,,,,,,,,,,,,,,,,,,,,,,,,,,,,,,,,,,,,,,,,,,,
commercial,,39.5669048,-104.9260345,STATE_WIDE,fallback,,,,,,,,,,,,,,,,,,yes,,,,,,,,,,,,,,,,,,,,,,,,,,,,,,,,,,,,,,,,,,,,,,,,,,
commercial,,39.5673878,-104.9259358,STATE_WIDE,fallback,,,,,,,,,,,,,,,,,,,storage_rental,,,,,,,,,,,,,,,,,,,,,,,,,,,,,,,,,,,,,,,,,,,,,,,,,
commercial,,39.5678311,-104.9260173,STATE_WIDE,fallback,,,,,,,,,,,,,,,,,,yes,,,,,,,,,,,,,,,,,,,,,,,,,,,,,,,,,,,,,,,,,,,,,,,,,,
commercial,,39.5818371,-104.8849321,STATE_WIDE,fallback,,,,,,,,,,,,,,,,,,,,,,,,,,,,,,,,,,,,,,,,,,,,,,,,,,,,,,,,,,,,,,,,,,,,
commercial,,39.5978109,-104.8817097,STATE_WIDE,fallback,,,,,,,,,,,,,,,,,,,,,,,,,,,,,,,,,,,,,,,,,,,,,,,,,,,,,,,,,,,,,,,,,,,,
commercial,,39.5962546,-104.8829532,STATE_WIDE,fallback,,,,,,,,,,,,,,,,,,,,,,,,,,,,,,,,,,,,,,,,,,,,,,,,,,,,,,,,,,,,,,,,,,,,
commercial,Seaford Self Storage,38.6517026,-75.5984932,Seaford,city,,,,,,,,,,,,,,,,,,,storage_rental,,,,,,,,,,,,,,,,,,,,,,,,,,,,,,,,,,,,,,,,,,,,,,,,,
commercial,Depot Square Upper Level,41.370318,-73.4139249,Bethel,city,,,,,,,,,,,,,,,,,,,,approximate area,,,,,,,,,,,,,,,,,,,,,,,,,,,,,,,,,,,,,,,,,,,,,,,,
commercial,,38.9638231,-84.0886256,Bethel,city,,,,,,,,,,,,,,,,,,,,,,,,,,,,,,,,,,,,,,,,,,,,,,,,,,,,,,,,,,,,,,,,,,,,
commercial,,35.8006011,-77.3711192,Bethel,city,,,,,,,,,,,,,,,,,,,,,,,,,,,,,,,,,,,,,,,,,,,,,,,,,,,,,,,,,,,,,,,,,,,,
commercial,,41.0977639,-83.9852868,Leipsic,city,,,,,,,,,,,,,,,,,,,,,,,,,,,,,,,,,,,,,,,,,,,,,,,,,,,,,,,,,,,,,,,,,,,,
commercial,Governor's Court,30.4342688,-84.2271948,STATE_WIDE,fallback,,,,Tallahassee,1140,,,Capital Circle Southeast,,,,,survey,,,,,,,,US,,,,,,,,,,,,,,,,,,,,,,,,,,,,,,,,,,,,,,,,,,,,,,,
commercial,CDM Smith,28.635459,-81.3935018,STATE_WIDE,fallback,,,,,,,,,,,,https://www.cdmsmith.com/,,,,consulting,,,,,,,,,,,,,,,,,,,,,,,,,,,,,,,,,,,,,,,,,,,,,,,,,,,,
commercial,,30.4594436,-84.2582325,STATE_WIDE,fallback,,,,Tallahassee,1511,,FL,Surgeons Drive,,,,,,,,,,,,,US,,,,,,,,,,,,,,,,,,,,,,,,,,,,,,,,,,,,,,,,,,,,,,,
commercial,Bay Business Center,26.1386675,-81.7924055,STATE_WIDE,fallback,,,,,,,,,,,,,,,,,,,,,,,,,,,,,,,,,,,,,,,,,,,,,,,,,,,,,,,,,,,,,,,,,,,,
commercial,Alexander Buildings,26.1963947,-81.8011446,STATE_WIDE,fallback,DJL Commericial,,,,,,,,,+1-239-261-1734,,,,,,,,,,,,,,,,,,,,,,,,,,,,,,,,,,,,,,,,,,,,,,,,,,,,,,,,,,
commercial,Agostino's Village Square,26.1826628,-81.7990609,STATE_WIDE,fallback,,,,,,,,,,,,,,,,,,,,,,,,,,,,,,,,,,,,,,,,,,,,,,,,,,,,,,,,,,,,,,,,,,,,
commercial,Royal Palm Mall,25.9536662,-81.7250571,STATE_WIDE,fallback,,,,,,,,,,,,,,,,,,,,,,,,,,,,,,,,,,,,,,,,,,,,,,,,,,,,,,,,,,,,,,,,,,,,
commercial,Eagle View Professional Park,26.1763941,-81.7906326,STATE_WIDE,fallback,,,,,,,,,,,,,,,,,,,,,,,,,,,,,,,,,,,,,,,,,,,,,,,,,,,,,,,,,,,,,,,,,,,,
commercial,Trianon Centre,26.1920812,-81.8009735,STATE_WIDE,fallback,,,,,,,,,,,,,,,,,,,,,,,,,,,,,,,,,,,,,,,,,,,,,,,,,,,,,,,,,,,,,,,,,,,,
commercial,Goodlette Medical Park,26.1563371,-81.7915559,STATE_WIDE,fallback,,,,,,,,,,,,,,,,,,,,,,,,,,,,,,,,,,,,,,,,,,,,,,,,,,,,,,,,,,,,,,,,,,,,
commercial,Enclave Executive Center,26.1539978,-81.7915497,STATE_WIDE,fallback,,,,,,,,,,,,,,,,,,,,,,,,,,,,,,,,,,,,,,,,,,,,,,,,,,,,,,,,,,,,,,,,,,,,
commercial,Cambridge Square,26.2124975,-81.748416,STATE_WIDE,fallback,,,,,,,,,,,,,,,,,,,,,,,,,,,,,,,,,,,,,,,,,,,,,,,,,,,,,,,,,,,,,,,,,,,,
commercial,Medical Offices at Napa Ridge,26.210898,-81.730298,STATE_WIDE,fallback,,,,,,,,,,,,,,,,,,,,,,,,,,,,,,,,,,,,,,,,,,,,,,,,,,,,,,,,,,,,,,,,,,,,
commercial,Sunshine Corporate Center,26.2241745,-81.7770021,STATE_WIDE,fallback,,,,,,,,,,,,,,,,,,,,,,,,,,,,,,,,,,,,,,,,,,,,,,,,,,,,,,,,,,,,,,,,,,,,
commercial,Plaza II,26.224147,-81.7784554,STATE_WIDE,fallback,,,,,,,,,,,,,,,,,,,,,,,,,,,,,,,,,,,,,,,,,,,,,,,,,,,,,,,,,,,,,,,,,,,,
commercial,Egret Plaza,26.259442,-81.8017219,STATE_WIDE,fallback,,,,,,,,,,,,,,,,,,,,,,,,,,,,,,,,,,,,,,,,,,,,,,,,,,,,,,,,,,,,,,,,,,,,
commercial,Northpark Centre,26.2620016,-81.8021626,STATE_WIDE,fallback,,,,,,,,,,,,,,,,,,,,,,,,,,,,,,,,,,,,,,,,,,,,,,,,,,,,,,,,,,,,,,,,,,,,
commercial,Egret Square,26.261314,-81.8022818,STATE_WIDE,fallback,,,,,,,,,,,,,,,,,,,,,,,,,,,,,,,,,,,,,,,,,,,,,,,,,,,,,,,,,,,,,,,,,,,,
commercial,Poinciana Professional Park,26.1732403,-81.7694249,STATE_WIDE,fallback,,,,,,,,,,,,,,,,,,,,,,,,,,,,,,,,,,,,,,,,,,,,,,,,,,,,,,,,,,,,,,,,,,,,
commercial,Capital Center,26.1833221,-81.7679667,STATE_WIDE,fallback,,,,,,,,,,,,,,,,,,,,,,,,,,,,,,,,,,,,,,,,,,,,,,,,,,,,,,,,,,,,,,,,,,,,
commercial,,34.0881319,-83.8157034,Braselton,city,,,,,,,,,,,,,LandPro08,,,,,,,,,DEVELOPED,COMMERCIAL,COMMERCIAL,no,,,,,,,,,,,,,,,,,,,,,,,,,,,,,,,,,,,,,,,,,,,
commercial,,34.0910682,-83.8063211,Braselton,city,,,,,,,,,,,,,LandPro08,,,,,,,,,DEVELOPED,COMMERCIAL,COMMERCIAL,no,,,,,,,,,,,,,,,,,,,,,,,,,,,,,,,,,,,,,,,,,,,
commercial,,34.0925371,-83.8483549,Braselton,city,,,,,,,,,,,,,LandPro08,,,,,,,,,DEVELOPED,COMMERCIAL,COMMERCIAL,no,,,,,,,,,,,,,,,,,,,,,,,,,,,,,,,,,,,,,,,,,,,
commercial,,34.108336,-83.8147539,Braselton,city,,,,,,,,,,,,,LandPro08,,,,,,,,,DEVELOPED,COMMERCIAL,COMMERCIAL,no,,,,,,,,,,,,,,,,,,,,,,,,,,,,,,,,,,,,,,,,,,,
commercial,,34.1095786,-83.826735,Braselton,city,,,,,,,,,,,,,LandPro08,,,,,,,,,DEVELOPED,COMMERCIAL,COMMERCIAL,no,,,,,,,,,,,,,,,,,,,,,,,,,,,,,,,,,,,,,,,,,,,
commercial,,39.5318743,-88.0217423,Ashmore,city,,,,,,,,,,,,,Bing,,,,,,,,,,,,,,,,,,,,,,,,,,,,,,,,,,,,,,,,,,,,,,,,,,,,,,,
commercial,,39.5330721,-88.0219638,Ashmore,city,,,,,,,,,,,,,Bing,,,,,,,,,,,,,,,,,,,,,,,,,,,,,,,,,,,,,,,,,,,,,,,,,,,,,,,
commercial,,39.5365667,-88.024805,Ashmore,city,,,,,,,,,,,,,Bing,,,,,,,,,,,,,,,,,,,,,,,,,,,,,,,,,,,,,,,,,,,,,,,,,,,,,,,
commercial,,39.5324365,-88.0219154,Ashmore,city,,,,,,,,,,,,,Bing,,,,,,,,,,,,,,,,,,,,,,,,,,,,,,,,,,,,,,,,,,,,,,,,,,,,,,,
commercial,Student Transportation of America North Terminal,41.3143374,-95.9188157,Omaha,city,,,,,,,,,,,,,,,,yes,,,,,,,,,,,,,,,,,,,,,,,,,,,,,,,,,,,,,,,,,,,,,,,,,,,,
commercial,Westfield Office Park,41.2693487,-96.0667926,Omaha,city,,,,,,,,,,,,,,,,,,,,,,,,,,,,,,,,,,,,,,,,,,,,,,,,,,,,,,,,,,,,,,,,,,,,
commercial,Nicholas Street Office Park,41.2693368,-96.07004,Omaha,city,,,,,,,,,,,,,,,,,,,,,,,,,,,,,,,,,,,,,,,,,,,,,,,,,,,,,,,,,,,,,,,,,,,,
commercial,,41.3072454,-96.0675594,Omaha,city,,,,,,,,,,,,,bing,,,,,,,,,,,,,,,,,,,,,,,,,,,,,,,,,,,,,,,,,,,,,,,,,,,,,,,
commercial,Pioneer Square,41.3081078,-96.0676558,Omaha,city,,,,,,,,,,,,,bing,,,,,,,,,,,,,,,,,,,,,,,,,,,,,,,,,,,,,,,,,,,,,,,,,,,,,,,
commercial,,37.1152152,-89.2000512,Mounds,city,,,,,,,,,,,,,,,,,,,,,,,,,,,,,,,,,,,,,,,,,,,,,,,,,,,,,,,,,,,,,,,,,,,,
commercial,,37.1133622,-89.201763,Mounds,city,,,,,,,,,,,,,,,,,,,,,,,,,,,,,,,,,,,,,,,,,,,,,,,,,,,,,,,,,,,,,,,,,,,,
commercial,,37.1141717,-89.1974187,Mounds,city,,,,,,,,,,,,,,,,,,,,,,,,,,,,,,,,,,,,,,,,,,,,,,,,,,,,,,,,,,,,,,,,,,,,
commercial,,37.1156964,-89.1973953,Mounds,city,,,,,,,,,,,,,,,,,,,,,,,,,,,,,,,,,,,,,,,,,,,,,,,,,,,,,,,,,,,,,,,,,,,,
commercial,Indy Airport Taxi Garage,39.7550382,-86.242252,STATE_WIDE,fallback,,,,,,,,,,,,,,,,,,,,,,,,,,,,,,,,,,,,,,,,,,,,,,,,,,,,,,,,,,,,,,,,,,,,
commercial,Carey Limousine,39.7449775,-86.2567592,STATE_WIDE,fallback,,,,,,,,,,,,,,,,,,,,,,,,,,,,,,,,,,,,,,,,,,,,,,,,,,,,,,,,,,,,,,,,,,,,
commercial,North Park Plaza,41.2556702,-85.8532981,STATE_WIDE,fallback,,,,,,,,,,,,,,,,,,,,,,,,,,,,,,,,,,,,,,,,,,,,,,,,,,,,,,,,,,,,,,,,,,,,
commercial,,41.1165233,-85.1704205,STATE_WIDE,fallback,,,,,,,,,,,,,,,,,,,,,,,,,,,,,,,,,,,,,,,,,,,,,,,,,,,,,,,,,,,,,,,,,,,,
commercial,,41.0779194,-85.1379693,STATE_WIDE,fallback,,,,,,,,,,,,,,,,,,,,,,,,,,,,,,,,,,,,,,,,,,,,,,,,,,,,,,,,,,,,,,,,,,,,
commercial,,41.2402669,-85.3295596,STATE_WIDE,fallback,,,,,,,,,,,,,,,,,,,,,,,,,,,,,,,,,,,,,,,,,,,,,,,,,,,,,,,,,,,,,,,,,,,,
commercial,,41.2256275,-85.3271778,STATE_WIDE,fallback,,,,,,,,,,,,,,,,,,,,,,,,,,,,,,,,,,,,,,,,,,,,,,,,,,,,,,,,,,,,,,,,,,,,
commercial,,41.2259905,-85.1760275,STATE_WIDE,fallback,,,,,,,,,,,,,,,,,,,,,,,,,,,,,,,,,,,,,,,,,,,,,,,,,,,,,,,,,,,,,,,,,,,,
commercial,Indianapolis International Airport - Former Long Term Parking Lot,39.7107193,-86.3031136,STATE_WIDE,fallback,,surface,,,,,,,,,,,,,,,,,,,,,,,,parking,,,,,,,,,,,,,,,,,,,,,,,,,,,,,,,,,,,,,,,,,,
commercial,Indianapolis International Airport - Economy Parking Lot,39.7075656,-86.3080986,STATE_WIDE,fallback,Indianapolis Airport Authority,surface,,,,,,,,,,,,,,,,,,,,,,,,parking,yes,yes,,,,,,,,,,,,,,,,,,,,,,,,,,,,,,,,,,,,,,,,
commercial,,37.9319926,-87.8914044,STATE_WIDE,fallback,,,,,,,,,,,,,,,,,,,,,,,,,,,,,,,,,,,,,,,,,,,,,,,,,,,,,,,,,,,,,,,,,,,,
commercial,,41.1486477,-85.0620427,STATE_WIDE,fallback,,,,,,,,,,,,,,,,,,,,,,,,,,,,,,,,,,,,,,,,,,,,,,,,,,,,,,,,,,,,,,,,,,,,
commercial,South Park Business Center,39.6176827,-86.078504,STATE_WIDE,fallback,,,,,,,,,,,,,,,,,,,,,,,,,,,,,,,,,,,,,,,,,,,,,,,,,,,,,,,,,,,,,,,,,,,,
commercial,,39.6317333,-86.0785564,STATE_WIDE,fallback,,,,,,,,,,,,,,,,,,,,,,,,,,,,,,,,,,,,,,,,,,,,,,,,,,,,,,,,,,,,,,,,,,,,
commercial,,38.2879592,-85.7227458,STATE_WIDE,fallback,,,,,,,,,,,,,Bing,,,,,,,,,,,,,,,,,,,,,,,,,,,,,,,,,,,,,,,,,,,,,,,,,,,,,,,
commercial,,41.6470324,-86.2504596,STATE_WIDE,fallback,,,,,,,,,,,,,,,,,,,,,,,,,,,,,,,,,,,,,,,,,,,,,,,,,,,,,,,,,,,,,,,,,,,,
commercial,,41.1960181,-85.1703259,STATE_WIDE,fallback,,,,,,,,,,,,,,,,,,,,,,,,,,,,,,,,,,,,,,,,,,,,,,,,,,,,,,,,,,,,,,,,,,,,
commercial,,41.1637156,-85.1765113,STATE_WIDE,fallback,,,,,,,,,,,,,,,,,,,,,,,,,,,,,,,,,,,,,,,,,,,,,,,,,,,,,,,,,,,,,,,,,,,,
commercial,,38.5872644,-85.6468187,STATE_WIDE,fallback,,,,,,,,,,,,,Bing,,,,,,,,,,,,,,,,,,,,,,,,,,,,,,,,,,,,,,,,,,,,,,,,,,,,,,,
commercial,,38.5869572,-85.6451964,STATE_WIDE,fallback,,,,,,,,,,,,,Bing,,,,,,,,,,,,,,,,,,,,,,,,,,,,,,,,,,,,,,,,,,,,,,,,,,,,,,,
commercial,,40.7618007,-86.0473826,Peru,city,,,,,,,,East Main Street,,,,,,,,,,,,,,,,,,,,,,,,,,,,,,,,,,,,,,,,,,,,,,,,,,,,,,,,,,,,
commercial,,40.7621009,-86.048845,Peru,city,,,,,,,,,,,,,,,,,,,,,,,,,,,,,,,,,,,,,,,,,,,,,,,,,,,,,,,,,,,,,,,,,,,,
commercial,,40.7623182,-86.0475747,Peru,city,,,,,,,,East Main Street,,,,,,,,,,,,,,,,,,,,,,,,,,,,,,,,,,,,,,,,,,,,,,,,,,,,,,,,,,,,
commercial,,41.0240819,-98.159139,Chapman,city,,,,,,,,,,,,,,,,,,,,,,,,,,,,,,,,,,,,,,,,,,,,,,,,,,,,,,,,,,,,,,,,,,,,
commercial,Hart's Dry-cleaning and Laundry,37.9697652,-84.4994023,STATE_WIDE,fallback,,,,,,,,,,,,,,,,,,,dry_cleaning,,,,,,,,,,,,,,,,,,,,,,,,,,,,,,,,,,,,,,,,,,,,,,,,,
commercial,Little Flock Baptist Church,38.0589962,-85.67085,STATE_WIDE,fallback,,,,,,,,,,,,,,,,,,,,,,,,,,,,,,,,,,,,,,,,,,,,,,,,,,,,,,,,,,,,,,,,,,,,
commercial,Fourth Street Live!,38.2520959,-85.7572928,STATE_WIDE,fallback,,,,,,,,,,,,,,,,,,,,,,,,,,,,,common,Q3080139,,,,,,,,,,,,,,,,,,,,,,,,,,,,,,,,,,,,,,
commercial,Bardstown Board of Education,37.8134197,-85.469521,STATE_WIDE,fallback,,,,,,,,,,,,,,,,,,,,,,,,,,,,,,,,,,,,,,,,,,,,,,,,,,,,,,,,,,,,,,,,,,,,
commercial,Creation Museum,39.0853047,-84.7816697,STATE_WIDE,fallback,Answers in Genesis,,,Petersburg,2800,41080,KY,Bullittsburg Church Road,info@creationmuseum.org,+18885824253,,https://creationmuseum.org/,https://assets.creationmuseum.org/img/pages/2020-creation-museum-map-guide.pdf;https://www.facebook.com/CreationMuseum/videos/1231487717596157/,,,,,,,,,,,,,,,,,,"The state-of-the-art Creation Museum allows to venture through biblical history, exhibits, botanical gardens, planetarium, zoo, zip line adventure course, and more. The museum has a 75,000-square-foot facility.",wlan,Su 13:00-19:00; Tu-Sa 09:00-20:00,christian,2007-05-26,theme_park,en:Creation Museum,,,,,,,,,,,,,,,,,,,,,,,,,,,,,,,
commercial,,38.4795481,-82.6446159,STATE_WIDE,fallback,,,,,,,,,,,,,,,,,,,,,,,,,,parking,,,,,,,,,,,,,,,,,,,,,,,,,,,,,,,,,,,,,,,,,,
commercial,FedEx Parking,38.1894803,-85.7554486,STATE_WIDE,fallback,,,,,,,,,,,,,,,,,,,,,,,,,,,,,,,,,,,,,,,,,,,,,,,,,,,,,,,,,,,,,,,,,,,,
commercial,,39.1128167,-84.473434,STATE_WIDE,fallback,,,,,,,,,,,,,,,,,,,,,,,,,,,,,,,,,,,,,,,,,,,,,,,,,,,,,,,,,,,,,,,,,,,,
commercial,,39.0585728,-84.6316062,STATE_WIDE,fallback,,,,,,,,,,,,,,,,,,,,,,,,,,,,,,,,,,,,,,,,,,,,,,,,,,,,,,,,,,,,,,,,,,,,
commercial,,39.0544335,-84.6234079,STATE_WIDE,fallback,,,,,,,,,,,,,,,,,,,,,,,,,,,,,,,,,,,,,,,,,,,,,,,,,,,,,,,,,,,,,,,,,,,,
commercial,,38.9660227,-84.6734543,STATE_WIDE,fallback,,,,,,,,,,,,,,,,,,,,,,,,,,,,,,,,,,,,,,,,,,,,,,,,,,,,,,,,,,,,,,,,,,,,
commercial,,38.9664332,-84.6766207,STATE_WIDE,fallback,,,,,,,,,,,,,,,,,,,,,,,,,,,,,,,,,,,,,,,,,,,,,,,,,,,,,,,,,,,,,,,,,,,,
commercial,,38.969358,-84.6658682,STATE_WIDE,fallback,,,,,,,,,,,,,,,,,,,,,,,,,,,,,,,,,,,,,,,,,,,,,,,,,,,,,,,,,,,,,,,,,,,,
commercial,,38.9912149,-84.6950255,STATE_WIDE,fallback,,,,,,,,,,,,,,,,,,,,,,,,,,,,,,,,,,,,,,,,,,,,,,,,,,,,,,,,,,,,,,,,,,,,
commercial,,38.9816615,-84.6444872,STATE_WIDE,fallback,,,,,,,,,,,,,,,,,,,,,,,,,,,,,,,,,,,,,,,,,,,,,,,,,,,,,,,,,,,,,,,,,,,,
commercial,,38.9471616,-84.6712756,STATE_WIDE,fallback,,,,,,,,,,,,,,,,,,,,,,,,,,,,,,,,,,,,,,,,,,,,,,,,,,,,,,,,,,,,,,,,,,,,
commercial,,38.9475924,-84.6743782,STATE_WIDE,fallback,,,,,,,,,,,,,,,,,,,,,,,,,,,,,,,,,,,,,,,,,,,,,,,,,,,,,,,,,,,,,,,,,,,,
commercial,,38.9488704,-84.6818325,STATE_WIDE,fallback,,,,,,,,,,,,,,,,,,,,,,,,,,,,,,,,,,,,,,,,,,,,,,,,,,,,,,,,,,,,,,,,,,,,
commercial,,38.9464196,-84.6814523,STATE_WIDE,fallback,,,,,,,,,,,,,,,,,,,,,,,,,,,,,,,,,,,,,,,,,,,,,,,,,,,,,,,,,,,,,,,,,,,,
commercial,,39.0011097,-84.639377,STATE_WIDE,fallback,,,,,,,,,,,,,,,,,,,,,,,,,,,,,,,,,,,,,,,,,,,,,,,,,,,,,,,,,,,,,,,,,,,,
commercial,Washington Manor Park,39.1828853,-76.7669161,STATE_WIDE,fallback,,,,,,,,,,,,,,,,,neighbourhood,,,,,,,,,,,,,,,,,,,,,60,1709148,,,,,,,,,,,,,,,,,,,,,,,,,,,,,
commercial,Annapolis Inflatables,38.9736153,-76.5238668,STATE_WIDE,fallback,,,,,,,,,,,,,,,,,,,boat,,,,,,,,,,,,,,,,,,,,,,,,,,,,,,,,,,,,,,,,,,,,,,,,,
commercial,Floyd's 99 Barbershop,39.0237521,-76.6915095,STATE_WIDE,fallback,,,,Gambrills,101,21054,MD,Crain Highway,,,,,,Floyd's 99 Barbershop,Q120599645,,,,hairdresser,,,,,,,,,,,,,,,,,,,,,,,,,,,,,,,,,,,,,,,,,,,,,,,,,
commercial,,39.0092665,-77.0400987,STATE_WIDE,fallback,,,,,,,,,,,,,,,,,,,,,,,,,,,,,,,,,,,,,,,,,,,,,,,,,,,,,,,,,,,,,,,,,,,,
commercial,,39.0420982,-76.9876932,STATE_WIDE,fallback,,,,,,,,,,,,,,,,,,yes,,,,,,,,,,,,,,,,,,,,,,,,,,,,,,,,,,,,,,,,,,,,,,,,,,
commercial,,39.149988,-77.0677638,STATE_WIDE,fallback,,,,,,,,,,,,,,,,,,,,,,,,,,,,,,,,,,,,,,,,,,,,,,,,,,,,,,,,,,,,,,,,,,,,
commercial,,39.1520965,-77.0655838,STATE_WIDE,fallback,,,,,,,,,,,,,,,,,,,,,,,,,,,,,,,,,,,,,,,,,,,,,,,,,,,,,,,,,,,,,,,,,,,,
commercial,,39.1557908,-77.0673178,STATE_WIDE,fallback,,,,,,,,,,,,,,,,,,,,,,,,,,,,,,,,,,,,,,,,,,,,,,,,,,,,,,,,,,,,,,,,,,,,
commercial,,39.1535623,-77.0692791,STATE_WIDE,fallback,,,,,,,,,,,,,,,,,,,,,,,,,,,,,,,,,,,,,,,,,,,,,,,,,,,,,,,,,,,,,,,,,,,,
commercial,,39.1505469,-77.0589051,STATE_WIDE,fallback,,,,,,,,,,,,,,,,,,,,,,,,,,,,,,,,,,,,,,,,,,,,,,,,,,,,,,,,,,,,,,,,,,,,
commercial,,39.1795674,-77.0588526,STATE_WIDE,fallback,,,,,,,,,,,,,,,,,,,,,,,,,,,,,,,,,,,,,,,,,,,,,,,,,,,,,,,,,,,,,,,,,,,,
commercial,,39.1537984,-77.0659257,STATE_WIDE,fallback,,,,,,,,,,,,,,,,,,,,,,,,,,,,,,,,,,,,,,,,,,,,,,,,,,,,,,,,,,,,,,,,,,,,
commercial,,39.1483487,-77.0657789,STATE_WIDE,fallback,,,,,,,,,,,,,,,,,,,,,,,,,,,,,,,,,,,,,,,,,,,,,,,,,,,,,,,,,,,,,,,,,,,,
commercial,,39.1542263,-77.0682523,STATE_WIDE,fallback,,,,,,,,,,,,,,,,,,,,,,,,,,,,,,,,,,,,,,,,,,,,,,,,,,,,,,,,,,,,,,,,,,,,
commercial,,38.3097817,-76.5411228,STATE_WIDE,fallback,,,,,,,,,,,,,,,,,,,,,,,,,,,,,,,,,,,,,,,,,,,,,,,,,,,,,,,,,,,,,,,,,,,,
commercial,,38.2584413,-76.4728153,STATE_WIDE,fallback,,,,,,,,,,,,,,,,,,,,,,,,,,,,,,,,,,,,,,,,,,,,,,,,,,,,,,,,,,,,,,,,,,,,
commercial,,38.2871588,-76.4811306,STATE_WIDE,fallback,,,,,,,,,,,,,,,,,,,,,,,,,,,,,,,,,,,,,,,,,,,,,,,,,,,,,,,,,,,,,,,,,,,,
commercial,,38.2638932,-76.4133408,STATE_WIDE,fallback,,,,,,,,,,,,,,,,,,,,,,,,,,,,,,,,,,,,,,,,,,,,,,,,,,,,,,,,,,,,,,,,,,,,
commercial,,39.0404618,-77.0314998,STATE_WIDE,fallback,,,,,,,,,,,,,,,,,,,,,,,,,,,,,,,,,,,,,,,,,,,,,,,,,,,,,,,,,,,,,,,,,,,,
commercial,Sulphur Spring Business Park,39.2470064,-76.6812612,STATE_WIDE,fallback,,,,,,,,,,,,,,,,,,,,,,,,,,,,,,,,,,,,,,,,,,,,,,,,,,,,,,,,,,,,,,,,,,,,
commercial,Big Lake Quarters,53.5738199,-113.6905637,Big Lake,city,,,,,,,,,,,,,,,,,,,,,,,,,,,,,,,,,,,,,,,,,,,,,,,,,,,,,,,,,,,,,,,,,,,,
commercial,,46.5375945,-93.7050567,Aitkin Township,city,,,,,,,,,,,,,,,,,,,,,,,,,,,,,,,,,,,,,,,,,,,,,,,,,,,,,,,,,,,,,,,,,,,,
commercial,,46.5306287,-93.7102383,Aitkin Township,city,,,,,,,,,,,,,,,,,,,,,,,,,,,,,,,,,,,,,,,,,,,,,,,,,,,,,,,,,,,,,,,,,,,,
commercial,,46.5317996,-93.7098241,Aitkin Township,city,,,,,,,,,,,,,,,,,,,,,,,,,,,,,,,,,,,,,,,,,,,,,,,,,,,,,,,,,,,,,,,,,,,,
commercial,,46.5375665,-93.7072161,Aitkin Township,city,,,,,,,,,,,,,,,,,,,,,,,,,,,,,,,,,,,,,,,,,,,,,,,,,,,,,,,,,,,,,,,,,,,,
commercial,,46.5368672,-93.7061978,Aitkin Township,city,,,,,,,,,,,,,,,,,,,,,,,,,,,,,,,,,,,,,,,,,,,,,,,,,,,,,,,,,,,,,,,,,,,,
commercial,,44.5424884,-95.1059429,Redwood Falls,city,,,,,,,,,,,,,,,,,,,,,,,,,,,,,,,,,,,,,,,,,,,,,,,,,,,,,,,,,,,,,,,,,,,,
commercial,,44.5426275,-95.104786,Redwood Falls,city,,,,,,,,,,,,,,,,,,,,,,,,,,,,,,,,,,,,,,,,,,,,,,,,,,,,,,,,,,,,,,,,,,,,
commercial,,47.4912156,-111.2861731,STATE_WIDE,fallback,,,,,,,,,,,,,,,,,,,,,,,,,,,,,,,,,,,,,,,,,,,,,,,,,,,,,,,,,,,,,,,,,,,,
commercial,,46.5907119,-112.0381229,STATE_WIDE,fallback,,,,,,,,,,,,,,,,,,yes,,,,,,,,,,,,,,,,,,,,,,,,,,,,,,,,,,,,,,,,,,,,,,,,,,
commercial,,46.5912696,-112.0394354,STATE_WIDE,fallback,,,,,,,,,,,,,,,,,,,,,,,,,,,,,,,,,,,,,,,,,,,,,,,,,,,,,,,,,,,,,,,,,,,,
commercial,,46.5901194,-112.0372994,STATE_WIDE,fallback,,,,,,,,,,,,,,,,,,yes,,,,,,,,,,,,,,,,,,,,,,,,,,,,,,,,,,,,,,,,,,,,,,,,,,
commercial,,46.5865862,-112.0415492,STATE_WIDE,fallback,,,,,,,,,,,,,,,,,,,,,,,,,,,,,,,,,,,,,,,,,,,,,,,,,,,,,,,,,,,,,,,,,,,,
commercial,,46.5923298,-112.0393341,STATE_WIDE,fallback,,,,,,,,,,,,,,,,,,yes,,,,,,,,,,,,,,,,,,,,,,,,,,,,,,,,,,,,,,,,,,,,,,,,,,
commercial,,46.5984305,-112.0309506,STATE_WIDE,fallback,,,,,,,,,,,,,,,,,,,,,,,,,,,,,,,,,,,,,,,,,,,,,,,,,,,,,,,,,,,,,,,,,,,,
commercial,,46.7754199,-113.7143049,STATE_WIDE,fallback,,,,,,,,,,,,,Bing,,,,,,,,,,,,,,,,,,,,,,,,,,,,,,,,,,,,,,,,,,,,,,,,,,,,,,,
commercial,,46.7774791,-113.7098441,STATE_WIDE,fallback,,,,,,,,,,,,,Bing,,,,,,,,,,,,,,,,,,,,,,,,,,,,,,,,,,,,,,,,,,,,,,,,,,,,,,,
commercial,,46.5875231,-112.0138182,STATE_WIDE,fallback,,,,,,,,,,,,,,,,,,,,,,,,,,,,,,,,,,,,,,,,,,,,,,,,,,,,,,,,,,,,,,,,,,,,
commercial,,46.5899993,-112.0175503,STATE_WIDE,fallback,,,,,,,,,,,,,Bing,,,,,,,,,,,,,,,,,,,,,,,,,,,,,,,,,,,,,,,,,,,,,,,,,,,,,,,
commercial,,46.5894729,-112.0176958,STATE_WIDE,fallback,,,,,,,,,,,,,,,,,,,,,,,,,,,,,,,,,,,,,,,,,,,,,,,,,,,,,,,,,,,,,,,,,,,,
commercial,,46.5894583,-112.0189908,STATE_WIDE,fallback,,,,,,,,,,,,,Bing,,,,,,,,,,,,,,,,,,,,,,,,,,,,,,,,,,,,,,,,,,,,,,,,,,,,,,,
commercial,,46.5893741,-112.021057,STATE_WIDE,fallback,,,,,,,,,,,,,Bing,,,,,,,,,,,,,,,,,,,,,,,,,,,,,,,,,,,,,,,,,,,,,,,,,,,,,,,
commercial,,46.5989641,-112.0175708,STATE_WIDE,fallback,,,,,,,,,,,,,Bing,,,,,,,,,,,,,,,,,,,,,,,,,,,,,,,,,,,,,,,,,,,,,,,,,,,,,,,
commercial,,46.591715,-112.006327,STATE_WIDE,fallback,,,,,,,,,,,,,Bing,,,,,,,,,,,,,,,,,,,,,,,,,,,,,,,,,,,,,,,,,,,,,,,,,,,,,,,
commercial,,48.1937609,-106.6360364,STATE_WIDE,fallback,,,,,,,,,,,,,,,,,,,,,,,,,,,,,,,,,,,,,,,,,,,,,,,,,,,,,,,,,,,,,,,,,,,,
commercial,,46.5927078,-112.0011308,STATE_WIDE,fallback,,,,,,,,,,,,,,,,,,,,,,,,,,,,,,,,,,,,,,,,,,,,,,,,,,,,,,,,,,,,,,,,,,,,
commercial,ABC Mini Storage,45.9280591,-112.4917306,STATE_WIDE,fallback,,,,,,,,,,,,,,,,,,,storage_rental,,,,,,,,,,,,,,,,,,,,,,,,,,,,,,,,,,,,,,,,,,,,,,,,,
commercial,ABC Mini Storage,45.9337173,-112.5015687,STATE_WIDE,fallback,,,,Butte,6307,,MT,Highway 2,,,,,,,,,,,storage_rental,,,,,,,,,,,,,,,,,,,,,,,,,,,,,,,,,,,,,,,,,,,,,,,,,
commercial,Student Transportation of America North Terminal,41.3143374,-95.9188157,STATE_WIDE,fallback,,,,,,,,,,,,,,,,yes,,,,,,,,,,,,,,,,,,,,,,,,,,,,,,,,,,,,,,,,,,,,,,,,,,,,
commercial,,40.713042,-99.1202846,STATE_WIDE,fallback,,,,,,,,,,,,,,,,,,,,,,,,,,,,,,,,,,,,,,,,,,,,,,,,,,,,,,,,,,,,,,,,,,,,
commercial,Westfield Office Park,41.2693487,-96.0667926,STATE_WIDE,fallback,,,,,,,,,,,,,,,,,,,,,,,,,,,,,,,,,,,,,,,,,,,,,,,,,,,,,,,,,,,,,,,,,,,,
commercial,Nicholas Street Office Park,41.2693368,-96.07004,STATE_WIDE,fallback,,,,,,,,,,,,,,,,,,,,,,,,,,,,,,,,,,,,,,,,,,,,,,,,,,,,,,,,,,,,,,,,,,,,
commercial,,41.3072454,-96.0675594,STATE_WIDE,fallback,,,,,,,,,,,,,bing,,,,,,,,,,,,,,,,,,,,,,,,,,,,,,,,,,,,,,,,,,,,,,,,,,,,,,,
commercial,Pioneer Square,41.3081078,-96.0676558,STATE_WIDE,fallback,,,,,,,,,,,,,bing,,,,,,,,,,,,,,,,,,,,,,,,,,,,,,,,,,,,,,,,,,,,,,,,,,,,,,,
commercial,One Pacific Place Offices,41.2472716,-96.0714908,STATE_WIDE,fallback,,,,,,,,,,,,,bing,,,,,,,,,,,,,,,,,,,,,,,,,,,,,,,,,,,,,,,,,,,,,,,,,,,,,,,
commercial,Pacific Springs Square,41.2490507,-96.1921844,STATE_WIDE,fallback,,,,,,,,,,,,,bing,,,,,,,,,,,,,,,,,,,,,,,,,,,,,,,,,,,,,,,,,,,,,,,,,,,,,,,
commercial,,41.2325497,-96.1361474,STATE_WIDE,fallback,,,,,,,,,,,,,bing,,,,,,,,,,,,,,,,,,,,,,,,,,,,,,,,,,,,,,,,,,,,,,,,,,,,,,,
commercial,Harvey Oaks,41.234921,-96.143821,STATE_WIDE,fallback,,,,,,,,,,,,,bing,,,,,,,,,,,,,,,,,,,,,,,,,,,,,,,,,,,,,,,,,,,,,,,,,,,,,,,
commercial,,41.2368248,-96.1397051,STATE_WIDE,fallback,,,,,,,,,,,,,bing,,,,,,,,,,,,,,,,,,,,,,,,,,,,,,,,,,,,,,,,,,,,,,,,,,,,,,,
commercial,,41.2330803,-96.1477894,STATE_WIDE,fallback,,,,,,,,,,,,,bing,,,,,,,,,,,,,,,,,,,,,,,,,,,,,,,,,,,,,,,,,,,,,,,,,,,,,,,
commercial,,41.2349744,-96.1310283,STATE_WIDE,fallback,,,,,,,,,,,,,bing,,,,,,,,,,,,,,,,,,,,,,,,,,,,,,,,,,,,,,,,,,,,,,,,,,,,,,,
commercial,Valmont Industries,41.327588,-96.3668909,STATE_WIDE,fallback,,,,,,,,,,,,,bing,,,,,,,,,,,,,,,,,,,,,,,,,,,,,,,,,,,,,,,,,,,,,,,,,,,,,,,
commercial,,40.662886,-96.1776016,STATE_WIDE,fallback,,,,,,,,,,,,,,,,,,,,,,,,,,,,,,,,,,,,,,,,,,,,,,,,,,,,,,,,,,,,,,,,,,,,
commercial,,40.669385,-96.1854252,STATE_WIDE,fallback,,,,,,,,,,,,,,,,,,,,,,,,,,,,,,,,,,,,,,,,,,,,,,,,,,,,,,,,,,,,,,,,,,,,
commercial,Twin Creek Plaza North,41.1486167,-95.9701075,STATE_WIDE,fallback,,,,,,,,,,,,,,,,,,,,,,,,,,,,,,,,,,,,,,,,,,,,,,,,,,,,,,,,,,,,,,,,,,,,
commercial,The Beach House - Lake McConaughy,41.2539269,-101.6837868,STATE_WIDE,fallback,,,,,,,,,,+1-308-726-2892,,https://www.lakemacbeachhouse.com/,,,,,,,,,,,,,,,,,,,,,,,,,,,,,,,,,,,,,,,,,,,,,,,,,,,,,,,,
commercial,,41.1167821,-95.9441195,STATE_WIDE,fallback,,,,,,,,,,,,,,,,,,,,,,,,,,,,,,,,,,,,,,,,,,,,,,,,,,,,,,,,,,,,,,,,,,,,
commercial,,41.2205909,-95.9764169,STATE_WIDE,fallback,,,,,,,,,,,,,,,,,,,,,,,,,,,,,,,,,,,,,,,,,,,,,,,,,,,,,,,,,,,,,,,,,,,,
commercial,,43.569476,-76.1200565,Village of Pulaski,city,,,,,,,,,,,,,,,,,,,,,,,,,,,,,,,,,,,,,,,,,,,,,,,,,,,,,,,,,,,,,,,,,,,,
commercial,,43.5703981,-76.1259292,Village of Pulaski,city,,,,,,,,,,,,,,,,,,,,,,,,,,,,,,,,,,,,,,,,,,,,,,,,,,,,,,,,,,,,,,,,,,,,
commercial,,43.5534061,-76.1112736,Village of Pulaski,city,,,,,,,,,,,,,,,,,,,,,,,,,,,,,,,,,,,,,,,,,,,,,,,,,,,,,,,,,,,,,,,,,,,,
commercial,,43.5576708,-76.1166635,Village of Pulaski,city,,,,,,,,,,,,,,,,,,,,,,,,,,,,,,,,,,,,,,,,,,,,,,,,,,,,,,,,,,,,,,,,,,,,
commercial,,43.5655094,-76.1265638,Village of Pulaski,city,,,,,,,,,,,,,,,,,,,,,,,,,,,,,,,,,,,,,,,,,,,,,,,,,,,,,,,,,,,,,,,,,,,,
commercial,,35.4684239,-83.304244,Painttown Community ᎠᏂᏬᏘ,city,,,,,,,,,,,,,,,,,,,,,,,,,,,,,,,,,,,,,,,,,,,,,,,,,,,,,,,,,,,,,,,,,,,,
commercial,,35.4694981,-83.3073311,Painttown Community ᎠᏂᏬᏘ,city,,,,,,,,,,,,,,,,,,,,,,,,,,,,,,,,,,,,,,,,,,,,,,,,,,,,,,,,,,,,,,,,,,,,
commercial,,35.4677503,-83.3007807,Painttown Community ᎠᏂᏬᏘ,city,,,,,,,,,,,,,,,,,,,,,,,,,,,,,,,,,,,,,,,,,,,,,,,,,,,,,,,,,,,,,,,,,,,,
commercial,,35.4681026,-83.2989076,Painttown Community ᎠᏂᏬᏘ,city,,,,,,,,,,,,,,,,,,,,,,,,,,,,,,,,,,,,,,,,,,,,,,,,,,,,,,,,,,,,,,,,,,,,
commercial,,35.470217,-83.302796,Painttown Community ᎠᏂᏬᏘ,city,,,,,,,,,,,,,,,,,,,,,,,,,,,,,,,,,,,,,,,,,,,,,,,,,,,,,,,,,,,,,,,,,,,,
commercial,Sheraton,35.4670643,-97.5149789,STATE_WIDE,fallback,,,,Oklahoma City,1,73102,OK,North Broadway Avenue,,+1 405-235-2780,,https://www.marriott.com/en-us/hotels/okcsi-sheraton-oklahoma-city-downtown-hotel/overview/,,Sheraton,Q634831,,,,,,,,,,,,,,,,,yes,,,,hotel,,,,yes,yes,Oklahoma City Downtown,tourism,+1 405-232-8752,no,396,no,yes,,,,,,,,,,,,,,,,,,,,
commercial,,36.1177641,-95.9161024,STATE_WIDE,fallback,,,,,,,,,,,,,,,,,,,,,,,,,,,,,,,,,,,,,,,,,,,,,,,,,,,,,,,,,,,,,,,,,,,,
commercial,,36.088715,-95.9064065,STATE_WIDE,fallback,,,,,,,,,,,,,Bing,,,,,,,,,,,,,,,,,,,,,,,,,,,,,,,,,,,,,,,,,,,,,,,,,,,,,,,
commercial,,36.1176639,-95.8882512,STATE_WIDE,fallback,,,,,,,,,,,,,Bing,,,,,,,,,,,,,,,,,,,,,,,,,,,,,,,,,,,,,,,,,,,,,,,,,,,,,,,
commercial,City Auto Repair,35.4789893,-97.5549026,STATE_WIDE,fallback,,,,,,,,,,,,,,,,,,,car_repair,,,,,,,,,,,,,,,,,,,,,,,,,,,,,,,,,,,,,,,,,,,,,,,,,
commercial,Guatemex Body Shop,35.4799749,-97.5480544,STATE_WIDE,fallback,,,,,,,,,,,,,,,,,,,car_repair,,,,,,,,,,,,,,,,,,,,,,,,,,,,,,,,,,,,,,,,,,,,,,,,,
commercial,,35.4814505,-97.55383,STATE_WIDE,fallback,,,,,,,,,,,,,,,,,,,laundry,,,,,,,,,,,,,,,,,,,,,,,,,,,,,,,,,,,,,,,,,,,,,,,,,
commercial,The Hungry Frog,35.4788869,-97.5481667,STATE_WIDE,fallback,,,,,,,,,,,,,,,,,,,,,,,,,,restaurant,,,,,,,,,,,,,,,,,,,,,,,,,,,,,,,,,,,,,,,,,,
commercial,Gramajo Auto Repair,35.4814442,-97.552007,STATE_WIDE,fallback,,,,,,,,,,,,,,,,,,,car_repair,,,,,,,,,,,,,,,,,,,,,,,,,,,,,,,,,,,,,,,,,,,,,,,,,
commercial,,35.4801797,-97.5481601,STATE_WIDE,fallback,,,,,,,,,,,,,,,,,,,car_repair,,,,,,,,,,,,,,,,,,,,,,,,,,,,,,,,,,,,,,,,,,,,,,,,,
commercial,Xela Auto Repair,35.481531,-97.5481504,STATE_WIDE,fallback,,,,,,,,,,,,,,,,,,,car_repair,,,,,,,,,,,,,,,,,,,,,,,,,,,,,,,,,,,,,,,,,,,,,,,,,
commercial,,35.4821289,-97.5527666,STATE_WIDE,fallback,,,,,,,,,,,,,,,,,,,,,,,,,,,,,,,,,,,,,,,,,,,,,,,,,,,,,,,,,,,,,,,,,,,,
commercial,Nic's Grill,35.4809222,-97.5481525,STATE_WIDE,fallback,,,,,1201,73107,,North Pennsylvania Avenue,,,,https://nics-grill.weeblyte.com/,,,,,,,,,,,,,,restaurant,,,,,,,Mo-Sa 11:00-14:00,,,,,,,,,,,,,,,,burger,,,,,,,,,,,,,,,,,,,
commercial,The Lumber Shed,35.4789457,-97.5595043,STATE_WIDE,fallback,,,,,,,,,,,,,,,,,,,,,,,,,,,,,,,,,,,,,,,,,,,,,,,,,,,,,,,,,,,,,,,,,,,,
commercial,Carpet Depot,35.4789642,-97.558558,STATE_WIDE,fallback,,,,,,,,,,,,,,,,,,,,,,,,,,,,,,,,,,,,,,,,,,,,,,,,,,,,,,,,,,,,,,,,,,,,
commercial,Glass Doctor,35.4820367,-97.5653566,STATE_WIDE,fallback,,,,Oklahoma City,1300,73107,OK,North May Avenue,,,,,,,,,,,car_repair,,,,,,,,,,,,,,,,,,,,,,,,,,,,,,,,,,,,,,,,,,,,,,,,,
commercial,Danny's Blues Saloon,35.47897,-97.5580365,STATE_WIDE,fallback,,,,,,,,,,,,,,,,,,,,,,,,,,bar,,,,,,,,,,,,,,,,,,,,,,,,,,,,,,,,,,,,,,,,,,
commercial,7-Eleven,35.4789093,-97.5652117,STATE_WIDE,fallback,,,,,,,,,,,,,,,,,,,convenience,,,,,,,fuel,,,,,,,,,,,,,,,,,,,,,,,,,,,,,,,,,,,,,,,,,,
commercial,,35.483166,-97.5653822,STATE_WIDE,fallback,,,,,,,,,,,,,,,,,,,car_repair,,,,,,,,,,,,,,,,,,,,,,,,,,,,,,,,,,,,,,,,,,,,,,,,,
commercial,,35.4845448,-97.5653814,STATE_WIDE,fallback,,,,,,,,,,,,,,,,,,,,,,,,,,,,,,,,,,,,,,,,,,,,,,,,,,,,,,,,,,,,,,,,,,,,
commercial,,33.4824876,-84.5828527,Tyrone,city,,,,,,,,,,,,,LandPro08,,,,,,,,,UNDEVELOPED,TRANSITIONAL,TRANSITIONAL,no,,,,,,,,,,,,,,,,,,,,,,,,,,,,,,,,,,,,,,,,,,,
commercial,,33.4707703,-84.6037559,Tyrone,city,,,,,,,,,,,,,LandPro08,,,,,,,,,DEVELOPED,COMMERCIAL,COMMERCIAL,no,,,,,,,,,,,,,,,,,,,,,,,,,,,,,,,,,,,,,,,,,,,
commercial,,33.4789123,-84.5845669,Tyrone,city,,,,,,,,,,,,,LandPro08,,,,,,,,,DEVELOPED,COMMERCIAL,COMMERCIAL,no,,,,,,,,,,,,,,,,,,,,,,,,,,,,,,,,,,,,,,,,,,,
commercial,,33.4898218,-84.5778219,Tyrone,city,,,,,,,,,,,,,LandPro08,,,,,,,,,DEVELOPED,COMMERCIAL,COMMERCIAL,no,,,,,,,,,,,,,,,,,,,,,,,,,,,,,,,,,,,,,,,,,,,
commercial,,33.4938519,-84.5774226,Tyrone,city,,,,,,,,,,,,,LandPro08,,,,,,,,,DEVELOPED,COMMERCIAL,COMMERCIAL,no,,,,,,,,,,,,,,,,,,,,,,,,,,,,,,,,,,,,,,,,,,,
commercial,,44.4533362,-98.6977829,Wessington,city,,,,,,,,,,,,,,,,,,,,,,,,,,,,,,,,,,,,,,,,,,,,,,,,,,,,,,,,,,,,,,,,,,,,
commercial,,43.178222,-103.2356358,Oelrichs,city,,,,,,,,,,,,,,,,,,,,,,,,,,,,,,,,,,,,,,,,,,,,,,,,,,,,,,,,,,,,,,,,,,,,
commercial,Body Tech,44.2615389,-72.5763091,STATE_WIDE,fallback,,,,Montpelier,36,05602,,Elm Street,,,,,,,,,,,,,,,,,,,,,,,,,,,,,,,,,,,,,,,,,,,,,,,,,,,,,,,,,,,,
commercial,Washington County Youth Service Bureau,44.2615107,-72.5759117,STATE_WIDE,fallback,,,,Montpelier,38,05602,VT,Elm Street,,,,,,,,,,,,,,,,,,,,,,,,,,,,,,,,,,,,,,,,,,165158,,,,,,,,,,,,,,,,,,
commercial,,44.4909035,-73.0485262,STATE_WIDE,fallback,,,,,,,,,,,,,,,,,,,,,,,,,,,,,,,,,,,,,,,,,,,,,,,,,,,,,,,,,,,,,,,,,,,,
commercial,Hillside East,44.4376898,-73.1132253,STATE_WIDE,fallback,,,,,,,,,,,,,,,,,,,,,,,,,,,,,,,,,,,,,,,,,,,,,,,,,,,,,,,,,,,,,,,,,,,,
commercial,,44.43671,-73.1094119,STATE_WIDE,fallback,,,,,,,,,,,,,,,,,,,,,,,,,,,,,,,,,,,,,,,,,,,,,,,,,,,,,,,,,,,,,,,,,,,,
commercial,Champlain Valley Compost Company Compost Site,44.3453198,-73.2604625,STATE_WIDE,fallback,,,,,,,,,,,,,,,,,,,,,,,,,,,,,,,,,,,,,,,,,,,,,,,,,,,,,,,,,,,,,,,,,,,,
commercial,former site of Vt Milk & Cream creamery,43.5867902,-73.2747813,STATE_WIDE,fallback,,,,,,,,,,,,,,,,,,,,,,,,,,,,,,,,,,,,,,,,,,,,,,,,,,,,,,,,,,,,,,,,,,,,
commercial,ruins of RRL&P trolley barn & shops,43.5946443,-73.2615817,STATE_WIDE,fallback,,,,,,,,,,,,,,,,,,,,,,,,,,,,,,,,,,,,,,,,,,,,,,,,,,,,,,,,,,,,,,,,,,,,
commercial,,44.0512568,-73.1677777,STATE_WIDE,fallback,,,,,,,,,,,,,,,,,,,,,,,,,,,,,,,,,,,,,,,,,,,,,,,,,,,,,,,,,,,,,,,,,,,,
commercial,KCXX Doppler radar operations site,44.511269,-73.1666282,STATE_WIDE,fallback,,,,,,,,,,,,,,,,,,,,,,,,,,,,,,,,,,,,,,,,,,,,,,,,,,,,,,,,,,,,,,,,,,,,
commercial,,45.0046231,-72.0997302,STATE_WIDE,fallback,,,,,,,,,,,,,,,,,,,,,,,,,,,,,,,,,,,,,,,,,,,,,,,,,,,,,,,,,,,,,,,,,,,,
commercial,,44.9353758,-72.2095719,STATE_WIDE,fallback,,,,,,,,,,,,,,,,,,,,,,,,,,,,,,,,,,,,,,,,,,,,,,,,,,,,,,,,,,,,,,,,,,,,
commercial,,44.8107605,-73.0874923,STATE_WIDE,fallback,,,,,,,,,,,,,,,,,,,,,,,,,,,,,,,,,,,,,,,,,,,,,,,,,,,,,,,,,,,,,,,,,,,,
commercial,Vermont Natural Ag Products,43.9909367,-73.1281163,STATE_WIDE,fallback,,,,,,,,,,,,http://www.vermontnaturalagproducts.com/,,,,,,,,,,,,,,,,,,,,,,,,,,,,,,,,,,,,,,,,,,,,,,,,,,,,,,,,
commercial,,44.810066,-72.2043017,STATE_WIDE,fallback,,,,,,,,,,,,,,,,,,,,,,,,,,,,,,,,,,,,,,,,,,,,,,,,,,,,,,,,,,,,,,,,,,,,
commercial,,44.9519978,-72.1411844,STATE_WIDE,fallback,,,,,,,,,,,,,,,,,,,,,,,,,,,,,,,,,,,,,,,,,,,,,,,,,,,,,,,,,,,,,,,,,,,,
commercial,,44.4212867,-72.0040551,STATE_WIDE,fallback,,,,,,,,,,,,,,,,,,,,,,,,,,,,,,,,,,,,,,,,,,,,,,,,,,,,,,,,,,,,,,,,,,,,
commercial,,44.4216024,-72.0147695,STATE_WIDE,fallback,,,,,,,,,,,,,,,,,,,,,,,,,,,,,,,,,,,,,,,,,,,,,,,,,,,,,,,,,,,,,,,,,,,,
commercial,,44.4055237,-72.9966072,STATE_WIDE,fallback,,,,,,,,,,,,,,,,,,,,,,,,,,,,,,,,,,,,,,,,,,,,,,,,,,,,,,,,,,,,,,,,,,,,
commercial,Waterbury State Office Complex,44.3320046,-72.752826,STATE_WIDE,fallback,,,,,,,,,,,,,,,,,,,,,,,,,,,,,,,,,,,,,,,,,,,,,,,,,,,,,,,,,,,,,,,,,,,,
commercial,Cost Cutters,37.2721559,-79.885981,STATE_WIDE,fallback,,,,,,,,,,,,,,Cost Cutters,Q62029366,,,,hairdresser,,,,,,,,,,,,,,,,,,,,,,,,,,,,,,,,,,,,,,,,,,,,,,,,,
commercial,Goodwill,38.1305197,-79.0621878,STATE_WIDE,fallback,Goodwill Industries of the Valleys,,,,,,,,,,,,,Goodwill,Q5583655,,,,charity,,,,,,,,,,,,,,,,,,,,,,,,,,,,,,,,Q54624114,,,,,,,,,,,,,,,,,
commercial,TitleMax,38.1324676,-79.062772,STATE_WIDE,fallback,,,,,,,,,,,,https://www.loanmaxtitleloans.net/locations/virginia/staunton/1003-greenville-ave,,TitleMax,Q7810030,,,,money_lender,,,,,,,,,,,,,,,,,,,,,,,,,,,,,,,,,,,,,,,,,,,,,,,,,
commercial,Bessst,38.1310396,-79.0622806,STATE_WIDE,fallback,Bessst,,,,,,,,,,,,,,,,,,car,,,,,,,,,,,,,,,,,,,,,,,,,,,,,,,,,,,,,,,,,,,,,,,,,
commercial,,38.1312871,-79.06355,STATE_WIDE,fallback,DDC & PHW,,,,,,,,,,,,,,,,,,car,,,,,,,,,,,,,,,,,,,,,,,,,,,,,,,,,,,,,,,,,,,,,,,,,
commercial,Nuckols Gun Works,38.1289537,-79.0621125,STATE_WIDE,fallback,,,,,,,,,,,,https://nuckolsgun.com/,,,,,,,weapons,,,,,,,,,,,,,,,,,,,,,,,,,,,,,,,,,,,,,,,,,,,,,,,,,
commercial,Obaugh Ford,38.1278875,-79.0650138,STATE_WIDE,fallback,Obaugh Ford,,,,,,,,,,,,,Ford,Q44294,,,,car,,,,,,,,,,,,,,,,,,,,,,,,,,,,,,,,,,,,,,,,,,,,,,,,,
commercial,Pets N Pals,38.1322303,-79.0635393,STATE_WIDE,fallback,BCS,,,,,,,,,,,https://petsnpals.biz/contact-us/,,,,,,,pet,,,,,,,,,,,,,,,,,,,,,,,,,,,,,,,,,dog_excrement,,,,,,,,,,,,,,,,
commercial,,38.1377691,-79.06821,STATE_WIDE,fallback,Charter Foods,,,,,,,,,,,https://awrestaurants.com/locations/virginia/staunton/641-greenville-ave,,A&W,Q277641,,,,,,,,,,,,,,,,Apr. 2023: not listed on A&W website,,,,,,,,,,,,,,,,,,burger,,,,2023-04-28,fast_food,A&W,yes,,,,,,,,,,,,
commercial,Staunton Lanes,38.1361853,-79.0650703,STATE_WIDE,fallback,,,,,,,,,,,,https://www.stauntonlanes.com/,,,,,,,,,,,,,,,,,bowling_alley,,,,,,,,,,,,,,,,,,,,,,,,,,,,bowling,,,,,,,,,,,
commercial,,38.1369508,-79.0678811,STATE_WIDE,fallback,Windigrove Investments,,,,,,,,,,,https://locations.wendys.com/united-states/va/staunton/704-s.-greenville,,Wendy's,Q550258,,,,,,,,,,,,,,,,Apr. 2023: Wendy's website lists this site as closed.,,,,,,,,,,,,,,,,,,burger,,,,2023-04-28,fast_food,Wendy's,yes,,yes,,,,,,,,,,
commercial,Jiffy Lube,38.1333178,-79.0632476,STATE_WIDE,fallback,,,,,,,,,,,,https://www.jiffylube.com/locations/va/staunton/1672,,Jiffy Lube,Q6192247,,,,car_repair,,,,,,,,,,,,,,,,,,,,,,,,,,,,,,,,,,,,,,,,,,,,,,,,,
commercial,Mister Tire Auto Service Center,38.1336951,-79.0633068,STATE_WIDE,fallback,,,,,,,,,,,,https://locations.mrtire.com/va/staunton/907-greenville-avenue,,Monro Muffler Brake,Q6902090,,,,car_repair,,,,,,,,,,,,,,,,,,,,,,,,,,,,,,,,,,,,,,,,,,,,,,,,,
commercial,The Clifton,38.006985,-78.3967309,STATE_WIDE,fallback,Clifton Inn Management,,,,,,,,,,,https://www.the-clifton.com/,,,,,,,,,,,,,,,,,,,,,,,,guest_house,,,,,,,,,,,,,,,,,,,,,,,bed_and_breakfast,,,,,,,,,
commercial,,37.984182,-78.4814794,STATE_WIDE,fallback,,,,,,,,,,,,,,,,,,,,identify communication towers within this area,,,,,,,,,,,,,,,,,,,,,,,,,,,,,,,,,,,,,,,,"numerous communication towers, several companies and types",,,,,,,,
commercial,Interstate Muffler Co.,38.1447797,-79.0577854,STATE_WIDE,fallback,,,,Staunton,603,,,Richmond Avenue,,+1 540-885-5484,,https://interstatemufflerstaunton.com/,,,,,,,car_repair,,,,,,,,,,,,,,,,,,,,,,,,,,,,,,,,,,2023-04-28,,,,,,,,,,,,,,,
commercial,,36.6284097,-76.2113307,STATE_WIDE,fallback,,,,,,,,,,,,,,,,,,,,,,,,,,,,,,,,,,,,,,,,,,,,,,,,,,,,,,,,,,,,,yes,mast,American Tower,guyed_lattice,communication,,,
commercial,84 Lumber,38.4451202,-77.9874871,STATE_WIDE,fallback,,,,,,,,,,,,,,84 Lumber,Q4644779,,,,trade,,,,,,,,,,,,,,,,,,,,,,,,,,,,,,,,,,,,,,,,,,,,,,,building_supplies,,
commercial,,38.2480928,-77.5102512,STATE_WIDE,fallback,,,,,,,,,,,,,,,,,,,,,,,,,,,,,,,,,,,,,,,,,,,,,,,,,,,,,,,,,,,,,,,,,,,,
commercial,,38.2467739,-77.5126995,STATE_WIDE,fallback,,,,,,,,,,,,,,,,,,,,,,,,,,,,,,,,,,,,,,,,,,,,,,,,,,,,,,,,,,,,,,,,,,,,
commercial,Cheyenne City Solid Waste transfer station,41.1183363,-104.7692016,STATE_WIDE,fallback,,,,,,,,,,,,,TIGER/Line® 2008 Place Shapefiles (http://www.census.gov/geo/www/tiger/),,,,,,,,,,,,,,,,,,,,,,,,,,,,,,,,,,,,,,,,,,,,,,,,,,,,,,census,
commercial,,44.5246809,-109.0639701,STATE_WIDE,fallback,,,,,,,,,,,,,,,,,,,,,,,,,,,,,,,,,,,,,,,,,,,,,,,,,,,,,,,,,,,,,,,,,,,,
commercial,,44.5323741,-109.0367738,STATE_WIDE,fallback,,,,,,,,,,,,,,,,,,,,,,,,,,,,,,,,,,,,,,,,,,,,,,,,,,,,,,,,,,,,,,,,,,,,
commercial,,44.5141634,-109.0421766,STATE_WIDE,fallback,,,,,,,,,,,,,,,,,,,,,,,,,,,,,,,,,,,,,,,,,,,,,,,,,,,,,,,,,,,,,,,,,,,,
commercial,Energy Technical Center Tract,44.2778116,-105.4917365,STATE_WIDE,fallback,,,,,,,,,,,,,survey,,,,,,,,,,,,,,,,,,,,,,,,,,,,,,,,,,,,,,,,,,,,,,,,,,,,,,,
commercial,,41.5753653,-109.2274417,STATE_WIDE,fallback,,,,,,,,,,,,,,,,,,,,,,,,,,,,,,,,,,,,,,,,,,,,,,,,,,,,,,,,,,,,Fire department and city vehicle repair station.,,,,,,,,
commercial,,41.5377232,-109.301388,STATE_WIDE,fallback,,,,,,,,,,,,,,,,,,,,,,,,,,,,,,,,,,,,,,,,,,,,,,,,,,,,,,,,,,,,,,,,,,,,
commercial,,44.8062786,-106.9397142,STATE_WIDE,fallback,,,,,,,,,,,,,,,,,,,,,,,,,,,,,,,,,,,,,,,,,,,,,,,,,,,,,,,,,,,,,,,,,,,,
commercial,,41.2102279,-110.90289,STATE_WIDE,fallback,,,,,,,,,,,,,,,,,,,,,,,,,,,,,,,,,,,,,,,,,,,,,,,,,,,,,,,,,,,,,,,,,,,,
commercial,,41.0898516,-110.8381064,STATE_WIDE,fallback,,,,,,,,,,,,,,,,,,,,,,,,,,,,,,,,,,,,,,,,,,,,,,,,,,,,,,,,,,,,,,,,,,,,
commercial,Echostar Satellite Communications,41.1314665,-104.7366602,STATE_WIDE,fallback,,,,Cheyenne,530,82007,WY,Echostar Drive,,,,https://www.echostar.com/,,,,,,,,,,,,,,,,,,,,,,,,,,,,,,,,,,,,,,,,,,,,,,,,"No telephones. 16 US satellite facilities like this one. Dish Network, Hughes Network, Sling video network, HQ in Denver at 100 Inverness.",,,,,,,,Echostar Satellite and Dish Network
commercial,Truss Craft,41.1343794,-104.7317848,STATE_WIDE,fallback,,,,Cheyenne,650,82007,WY,Echostar Drive,,+1-307-635-1635,,https://trusscraft.com/,"local visit, company website",,,,,,,,,,,,,,,,,,,,,,,,,,,,,,,,,,,,,,,,,,,,,,,,,,,,,,,Truss Craft
commercial,Capital Lumber of Cheyenne,41.1350033,-104.7986906,STATE_WIDE,fallback,,,,Cheyenne,1222,82001,WY,Dunn Avenue,,+1-307-634-4471,,http://www.capitallumber.com,"local visit, company website",,,,,,,,,,,,,,,,,,,,,,,,,,,,,,,,,,,,,,,,,,,,,,,,,,,,,,,Capital Lumber
commercial,Laramie County Planning & Development Office,41.1527062,-104.65691,STATE_WIDE,fallback,,,,Cheyenne,3966,82009,WY,Archer Ranch Road,,+1 307 633 4303,,,"local_knowledge, website",,,,,,,,,,,,,,,,,,,,,,,,,,,,,,,,,,,,,,,,,,,,,,,,,,,,,,,Laramie County Planning & Development Office
commercial,,43.5360441,-109.6411615,STATE_WIDE,fallback,,,,,,,,,,,,,,,,,,,,,,,,,,,,,,,,,,,,,,,,,,,,,,,,,,,,,,,,,,,,,,,,,,,,
commercial,,43.53396,-109.6335472,STATE_WIDE,fallback,,,,,,,,,,,,,,,,,,,,,,,,,,,,,,,,,,,,,,,,,,,,,,,,,,,,,,,,,,,,,,,,,,,,
commercial,,41.5769435,-109.2440258,STATE_WIDE,fallback,,,,,,,,,,,,,,,,,,,,,,,,,,,,,,,,,,,,,,,,,,,,,,,,,,,,,,,,,,,,,,,,,,,,
commercial,College Park,41.1519495,-104.7599102,STATE_WIDE,fallback,,,,,,,,,,,,,,,,,,,,,,,,,,,,,,,,,,,,,,,,,,,,,,,,,,,,,,,,,,,,,,,,,,,,
commercial,4-J Business Park,44.2832526,-105.5117228,STATE_WIDE,fallback,,,,,,,,,,,,,survey,,,,,,,,,,,,,,,,,,,,,,,,,,,,,,,,,,,,,,,,,,,,,,,,,,,,,,,
commercial,Prairie View Place Office Condo,44.2819446,-105.4947265,STATE_WIDE,fallback,,,,,,,,,,,,,,,,,,,,,,,,,,,,,,,,,,,,,,,,,,,,,,,,,,,,,,,,,,,,,,,,,,,,
